OrderID,OrderDate,CustomerID,CustomerName,City,Category,Product,Quantity,UnitPrice,DiscountPercentage,PaymentMethod,OrderStatus
ORD-00001,2026-03-28,CUST-3286,Patrick Sanchez,Karachi,Electronics,Laptop,3,152098,0,Digital Wallet,Delivered
ORD-00002,2025-09-15,CUST-4811,Megan Mcclain,Quetta,Books,Python Programming,1,1883,0,Digital Wallet,Delivered
ORD-00003,2025-08-25,CUST-5557,Amanda Davis,Lahore,Clothing,Shoes,2,10359,15,Credit Card,Cancelled
ORD-00004,2025-10-21,CUST-6514,Alyssa Gonzalez,Karachi,Books,Machine Learning Book,3,3773,0,Cash on Delivery,Processing
ORD-00005,2026-04-01,CUST-1711,Jennifer Cole,Peshawar,Electronics,Headphones,3,21782,5,Digital Wallet,Delivered
ORD-00006,2025-11-08,CUST-6925,Abigail Shaffer,Gujranwala,Books,Python Programming,5,2700,20,Credit Card,Cancelled
ORD-00007,2026-04-20,CUST-2307,Donald Lewis,Rawalpindi,Electronics,Laptop,2,221327,5,Cash on Delivery,Processing
ORD-00008,2026-05-15,CUST-6820,Brandon Davis,Rawalpindi,Home and Kitchen,Coffee Maker,3,12329,5,Debit Card,Cancelled
ORD-00009,2026-06-17,CUST-8573,Dennis Williams,Sahiwal,Electronics,Smartphone,5,104175,0,Debit Card,Cancelled
ORD-00010,2026-01-17,CUST-6168,Valerie Gray,Sahiwal,Clothing,Jacket,1,7752,0,Debit Card,Delivered
ORD-00011,2026-02-22,CUST-7482,Mark Mcclure,Peshawar,Clothing,Jacket,2,14738,10,Credit Card,Delivered
ORD-00012,2025-12-10,CUST-8019,Michele Williams,Gujranwala,Clothing,Jeans,5,6915,5,Bank Transfer,Delivered
ORD-00013,2025-10-19,CUST-1771,Victoria Wyatt,Karachi,Clothing,Jeans,5,6542,0,Credit Card,Cancelled
ORD-00014,2026-06-24,CUST-7252,Donald Reid,Gujranwala,Clothing,Shoes,5,4040,10,Bank Transfer,Shipped
ORD-00015,2025-12-11,CUST-5371,Henry Santiago,Multan,Home and Kitchen,Blender,1,16169,15,Cash on Delivery,Delivered
ORD-00016,2026-04-21,CUST-5315,Maria Lynch,Quetta,Books,Data Science Book,4,2026,20,Credit Card,Shipped
ORD-00017,2025-09-27,CUST-3504,Danielle Ford,Multan,Electronics,Headphones,5,21954,0,Credit Card,Shipped
ORD-00018,2025-11-04,CUST-6947,Margaret Hawkins DDS,Faisalabad,Electronics,Headphones,4,2638,0,Credit Card,Delivered
ORD-00019,2026-06-15,CUST-9727,Amy Underwood,Islamabad,Clothing,T-Shirt,1,3190,0,Credit Card,Cancelled
ORD-00020,2026-05-31,CUST-7932,Derek Clark,Rawalpindi,Books,Data Science Book,3,6322,15,Digital Wallet,Returned
ORD-00021,2026-02-28,CUST-8177,Emily Rios,Quetta,Clothing,Jacket,4,14647,5,Bank Transfer,Delivered
ORD-00022,2025-12-23,CUST-4770,Maria Thomas,Gujranwala,Clothing,Jeans,1,5269,0,Credit Card,Delivered
ORD-00023,2025-09-15,CUST-6413,Justin Baker,Karachi,Electronics,Laptop,2,128834,0,Digital Wallet,Delivered
ORD-00024,2026-03-07,CUST-8744,Kevin Cox,Rawalpindi,Home and Kitchen,Coffee Maker,2,24669,0,Bank Transfer,Returned
ORD-00025,2025-09-14,CUST-8062,Ann Williams,Multan,Books,Data Science Book,1,2794,20,Bank Transfer,Processing
ORD-00026,2025-09-03,CUST-6559,Christopher Becker,Karachi,Books,Python Programming,1,1748,10,Credit Card,Delivered
ORD-00027,2026-03-11,CUST-5563,James Ferrell,Peshawar,Clothing,Shoes,2,9912,0,Credit Card,Returned
ORD-00028,2026-02-13,CUST-9856,Juan Dunlap,Lahore,Electronics,Smart Watch,5,11416,0,Cash on Delivery,Returned
ORD-00029,2026-04-13,CUST-4502,Melanie Herrera,Sahiwal,Clothing,Jeans,4,6478,10,Cash on Delivery,Delivered
ORD-00030,2025-11-03,CUST-5673,Gina Carter,Sahiwal,Books,Python Programming,4,2586,10,Digital Wallet,Cancelled
ORD-00031,2025-09-22,CUST-1958,Troy Liu,Gujranwala,Books,Data Science Book,2,4430,0,Digital Wallet,Delivered
ORD-00032,2025-11-02,CUST-9238,Pamela Romero,Quetta,Home and Kitchen,Blender,1,14571,10,Credit Card,Delivered
ORD-00033,2025-09-02,CUST-4853,Elizabeth Fowler,Sahiwal,Electronics,Smartphone,1,57815,20,Cash on Delivery,Shipped
ORD-00034,2026-03-16,CUST-9565,James Martin,Multan,Clothing,T-Shirt,5,1535,10,Debit Card,Delivered
ORD-00035,2026-05-21,CUST-5915,Tamara George,Peshawar,Home and Kitchen,Cookware Set,3,20969,0,Debit Card,Returned
ORD-00036,2026-01-28,CUST-2638,Timothy Koch,Karachi,Electronics,Laptop,4,201416,15,Digital Wallet,Delivered
ORD-00037,2026-06-10,CUST-7054,Cynthia Allen,Faisalabad,Home and Kitchen,Cookware Set,3,10254,0,Credit Card,Processing
ORD-00038,2026-02-28,CUST-2697,Angelica Tucker,Islamabad,Home and Kitchen,Blender,5,9905,20,Debit Card,Delivered
ORD-00039,2025-08-18,CUST-4450,Kim Martinez,Multan,Electronics,Smartphone,3,113860,15,Credit Card,Cancelled
ORD-00040,2026-04-05,CUST-7939,Joshua Baker,Faisalabad,Home and Kitchen,Coffee Maker,3,8664,0,Cash on Delivery,Delivered
ORD-00041,2026-06-26,CUST-8239,Tracey Hickman,Quetta,Home and Kitchen,Cookware Set,3,13294,20,Bank Transfer,Shipped
ORD-00042,2026-05-12,CUST-3442,Christina Collins,Quetta,Electronics,Laptop,1,243869,20,Cash on Delivery,Returned
ORD-00043,2026-04-09,CUST-6050,Jessica Holmes,Multan,Home and Kitchen,Cookware Set,4,12176,0,Cash on Delivery,Delivered
ORD-00044,2025-09-07,CUST-7658,Austin Smith,Gujranwala,Clothing,Jeans,1,5397,15,Credit Card,Delivered
ORD-00045,2026-02-23,CUST-6442,Daniel Jones,Sahiwal,Clothing,Jeans,4,2703,0,Credit Card,Delivered
ORD-00046,2026-03-25,CUST-4644,Austin Johnson,Rawalpindi,Clothing,T-Shirt,4,1358,10,Bank Transfer,Delivered
ORD-00047,2025-11-28,CUST-4164,David Caldwell,Sahiwal,Home and Kitchen,Cookware Set,2,8775,20,Debit Card,Delivered
ORD-00048,2025-10-14,CUST-7548,Miranda Khan,Quetta,Electronics,Headphones,3,23020,15,Debit Card,Delivered
ORD-00049,2026-03-03,CUST-1626,Richard Aguirre,Karachi,Electronics,Headphones,2,21024,5,Digital Wallet,Processing
ORD-00050,2025-10-04,CUST-2894,Matthew Gomez,Sahiwal,Home and Kitchen,Table Lamp,4,6966,15,Digital Wallet,Delivered
ORD-00051,2025-12-29,CUST-9821,Nicholas Nunez,Rawalpindi,Home and Kitchen,Blender,4,5027,15,Debit Card,Processing
ORD-00052,2026-03-30,CUST-3041,James Morgan,,Electronics,Headphones,5,12286,20,Digital Wallet,Delivered
ORD-00053,2026-06-22,CUST-3085,Corey Herrera,Rawalpindi,Books,Machine Learning Book,4,4922,15,Bank Transfer,Cancelled
ORD-00054,2025-09-15,CUST-9977,Donald Wright,Lahore,Books,Data Science Book,5,4465,10,Debit Card,Delivered
ORD-00055,2026-07-16,CUST-6279,Robert Chase,Peshawar,Clothing,Shoes,5,12939,20,Bank Transfer,Processing
ORD-00056,2025-08-30,CUST-5649,Zachary Huff,Quetta,Clothing,Shoes,2,13794,0,Digital Wallet,Delivered
ORD-00057,2025-08-28,CUST-3414,Sarah Martin,Lahore,Electronics,Smartphone,3,98888,0,Cash on Delivery,Delivered
ORD-00058,2026-01-27,CUST-4185,Dr. Steven Martin,Sahiwal,Books,Python Programming,4,3197,20,Bank Transfer,Processing
ORD-00059,2025-07-23,CUST-4585,Mrs. Rachel Gibson,Islamabad,Clothing,Jeans,1,3373,10,Digital Wallet,Processing
ORD-00060,2026-01-03,CUST-8612,Monica Logan,Quetta,Electronics,Smartphone,1,159658,0,Digital Wallet,Shipped
ORD-00061,2026-04-06,CUST-9976,Brittney Phillips,Peshawar,Home and Kitchen,Coffee Maker,5,23540,10,Credit Card,Cancelled
ORD-00062,2025-08-14,CUST-5543,Kimberly Adkins,Quetta,Books,Business Analytics Book,3,3825,20,Bank Transfer,Cancelled
ORD-00063,2025-08-14,CUST-5681,John Calhoun,Rawalpindi,Clothing,Jacket,4,5269,20,Debit Card,Delivered
ORD-00064,2026-02-14,CUST-7275,Tyler Miller,Islamabad,Home and Kitchen,Blender,2,7471,0,Credit Card,Delivered
ORD-00065,2025-10-03,CUST-2020,Barry Hensley,Rawalpindi,Books,Business Analytics Book,3,5616,10,Bank Transfer,Processing
ORD-00066,2025-12-26,CUST-5892,Steve Sanchez,Sahiwal,Electronics,Smart Watch,4,5386,5,Bank Transfer,Shipped
ORD-00067,2026-03-10,CUST-8956,Bradley Sandoval,Lahore,Clothing,Shoes,2,7471,10,Bank Transfer,Delivered
ORD-00068,2026-02-27,CUST-9751,Taylor Harris,Lahore,Books,Data Science Book,4,3045,15,Bank Transfer,Shipped
ORD-00069,2026-04-27,CUST-3977,Derek Anderson,Lahore,Electronics,Laptop,4,137786,10,Debit Card,Processing
ORD-00070,2026-03-30,CUST-7211,Eugene Walton,Faisalabad,Home and Kitchen,Cookware Set,4,18710,5,Bank Transfer,Delivered
ORD-00071,2025-08-20,CUST-6733,Marc Hart,,Electronics,Smart Watch,1,40351,0,Cash on Delivery,Returned
ORD-00072,2025-08-30,CUST-3496,Daniel Baker,Rawalpindi,Electronics,Laptop,2,146130,0,Credit Card,Processing
ORD-00073,2026-07-20,CUST-3749,Benjamin Sanchez,Gujranwala,Electronics,Smartphone,4,107172,5,Digital Wallet,Cancelled
ORD-00074,2025-11-10,CUST-1420,Roy Warner,Faisalabad,Electronics,Smartphone,3,68337,15,Digital Wallet,Cancelled
ORD-00075,2026-03-17,CUST-4978,Dr. Kendra Contreras,Karachi,Books,Business Analytics Book,2,2422,15,Debit Card,Returned
ORD-00076,2026-02-23,CUST-7071,Matthew Mcmillan,Karachi,Electronics,Laptop,3,189827,10,Digital Wallet,Cancelled
ORD-00077,2025-09-13,CUST-8102,Steve Newton,Multan,Home and Kitchen,Blender,4,13031,0,Bank Transfer,Cancelled
ORD-00078,2025-09-21,CUST-5425,Larry Robbins,Gujranwala,Clothing,Shoes,2,15022,15,Digital Wallet,Returned
ORD-00079,2025-10-10,CUST-5022,Sarah Wagner,Karachi,Books,Business Analytics Book,4,3998,5,Debit Card,Processing
ORD-00080,2025-10-28,CUST-7209,Sarah Davis,Multan,Clothing,Shoes,5,12999,20,Cash on Delivery,Processing
ORD-00081,2026-01-03,CUST-5232,Amanda Cook,Multan,Home and Kitchen,Cookware Set,4,14950,5,Debit Card,Shipped
ORD-00082,2025-09-11,CUST-4954,Deborah Figueroa,Sahiwal,Home and Kitchen,Blender,5,8130,0,Bank Transfer,Shipped
ORD-00083,2026-02-22,CUST-2524,Kristina Rodriguez,Faisalabad,Clothing,Shoes,4,10342,0,Credit Card,Processing
ORD-00084,2026-06-30,CUST-9698,Brittany Johnson,Multan,Clothing,Jacket,5,10046,10,Bank Transfer,Cancelled
ORD-00085,2025-12-13,CUST-5118,Brittany Anderson,Rawalpindi,Home and Kitchen,Table Lamp,4,4219,5,Cash on Delivery,Cancelled
ORD-00086,2025-11-19,CUST-4033,Timothy Stanton,Rawalpindi,Clothing,Jacket,1,12779,20,Credit Card,Cancelled
ORD-00087,2025-08-07,CUST-5636,Christine Wright,Karachi,Books,Machine Learning Book,5,6797,15,Credit Card,Delivered
ORD-00088,2025-08-31,CUST-9751,Justin Baxter,Islamabad,Clothing,Jacket,2,8952,0,Debit Card,Delivered
ORD-00089,2026-03-21,CUST-2680,Tammy Young,Lahore,Electronics,Headphones,2,22901,10,Digital Wallet,Delivered
ORD-00090,2025-09-24,CUST-1841,Rita Keith,Faisalabad,Books,Business Analytics Book,4,4591,0,Bank Transfer,Delivered
ORD-00091,2025-08-01,CUST-1878,Tim Patton,Islamabad,Electronics,Smart Watch,4,9855,15,Credit Card,Returned
ORD-00092,2025-12-29,CUST-7818,Sharon Cochran,Gujranwala,Home and Kitchen,Blender,2,6940,15,Digital Wallet,Returned
ORD-00093,2025-11-03,CUST-5871,Michael Reyes,Gujranwala,Clothing,Shoes,4,17884,10,Bank Transfer,Delivered
ORD-00094,2025-08-07,CUST-5335,Courtney Velasquez,Karachi,Electronics,Laptop,2,201987,0,Credit Card,Delivered
ORD-00095,2026-01-17,CUST-8381,Robert Savage,Gujranwala,Clothing,T-Shirt,2,1210,10,Bank Transfer,Delivered
ORD-00096,2025-10-17,CUST-8438,Corey Murphy,Karachi,Electronics,Smartphone,3,114112,20,Credit Card,Delivered
ORD-00097,2026-06-23,CUST-3441,Raymond Bell,Faisalabad,Clothing,Shoes,1,11922,0,Credit Card,Delivered
ORD-00098,2026-02-05,CUST-3037,William Herrera,Peshawar,Electronics,Smartphone,3,115657,10,Debit Card,Cancelled
ORD-00099,2026-07-22,CUST-8172,Shawn Green,Karachi,Books,Machine Learning Book,5,6923,10,Digital Wallet,Delivered
ORD-00100,2026-03-05,CUST-2496,Deborah Rodriguez,Rawalpindi,Books,Machine Learning Book,5,4551,0,Digital Wallet,Shipped
ORD-00101,2026-01-07,CUST-8708,Richard Graham,Quetta,Electronics,Headphones,5,3318,0,Bank Transfer,Delivered
ORD-00102,2026-02-06,CUST-6700,Steven Lee,Sahiwal,Clothing,Shoes,4,4494,10,Debit Card,Delivered
ORD-00103,2025-08-09,CUST-9117,April Frost,Faisalabad,Electronics,Smartphone,3,147910,20,Bank Transfer,Returned
ORD-00104,2026-02-17,CUST-6296,Teresa Mclaughlin,Karachi,Electronics,Smart Watch,1,25612,5,Bank Transfer,Returned
ORD-00105,2025-10-07,CUST-9494,Benjamin Beck,Multan,Electronics,Smart Watch,4,8552,0,Digital Wallet,Returned
ORD-00106,2025-11-28,CUST-9998,Mary Martinez,Islamabad,Books,Business Analytics Book,1,3467,5,Debit Card,Processing
ORD-00107,2026-07-07,CUST-4920,Eric Ortiz,Islamabad,Books,Python Programming,1,4080,15,Debit Card,Shipped
ORD-00108,2025-12-26,CUST-8560,Kristen Lee,Karachi,Electronics,Smart Watch,1,19725,0,Credit Card,Processing
ORD-00109,2026-04-07,CUST-8736,Megan Orr,Rawalpindi,Home and Kitchen,Table Lamp,4,8838,10,Bank Transfer,Shipped
ORD-00110,2026-03-19,CUST-3236,Jennifer Bass,Karachi,Clothing,Shoes,2,12820,15,Debit Card,Returned
ORD-00111,2025-11-18,CUST-5634,Jeffrey Carpenter,Faisalabad,Books,Machine Learning Book,5,4688,0,Digital Wallet,Shipped
ORD-00112,2026-04-03,CUST-6654,Jeremy Lowe,Multan,Books,Data Science Book,4,6412,10,Digital Wallet,Returned
ORD-00113,2026-02-06,CUST-4912,Steven Flynn,Gujranwala,Books,Business Analytics Book,3,3345,20,Bank Transfer,Delivered
ORD-00114,2025-09-26,CUST-7246,Diane Beck,Sahiwal,Books,Python Programming,3,4550,10,Credit Card,Processing
ORD-00115,2026-03-20,CUST-8213,Robert Potter,Karachi,Electronics,Smartphone,5,127030,0,Digital Wallet,Processing
ORD-00116,2026-04-10,CUST-8692,Robert Hernandez,Faisalabad,Electronics,Smartphone,4,80464,0,Debit Card,Shipped
ORD-00117,2025-08-09,CUST-9742,John Atkinson,Sahiwal,Books,Python Programming,3,4991,20,Debit Card,Cancelled
ORD-00118,2025-08-20,CUST-5708,Stephen Johnston,Rawalpindi,Books,Python Programming,5,1780,0,Cash on Delivery,Processing
ORD-00119,2026-04-27,CUST-5906,Kathleen Sanchez,Lahore,Electronics,Laptop,4,141805,20,Cash on Delivery,Delivered
ORD-00120,2026-04-03,CUST-3385,Stephanie Dalton,Rawalpindi,Electronics,Headphones,3,14282,10,Digital Wallet,Processing
ORD-00121,2026-07-01,CUST-7267,Jeffery Thompson,Gujranwala,Clothing,Jeans,2,3146,15,Credit Card,Processing
ORD-00122,2026-04-19,CUST-5183,Amber Wright,Lahore,Clothing,Jeans,4,4580,10,Bank Transfer,Delivered
ORD-00123,2026-06-17,CUST-5901,Casey Marshall,Sahiwal,Clothing,T-Shirt,4,2615,15,Debit Card,Processing
ORD-00124,2026-02-14,CUST-4886,Linda Dodson DVM,Sahiwal,Home and Kitchen,Cookware Set,4,23833,0,Digital Wallet,Delivered
ORD-00125,2026-03-17,CUST-7484,Stephanie Simmons,Faisalabad,Home and Kitchen,Table Lamp,1,8799,20,Cash on Delivery,Shipped
ORD-00126,2026-07-10,CUST-6772,Stephanie Manning,Rawalpindi,Electronics,Smart Watch,3,20081,15,Credit Card,Shipped
ORD-00127,2026-01-23,CUST-1645,Paul Larsen,Faisalabad,Home and Kitchen,Cookware Set,1,28560,20,Bank Transfer,Delivered
ORD-00128,2025-11-07,CUST-7807,Kelly Sims,Islamabad,Home and Kitchen,Cookware Set,1,17670,5,Credit Card,Delivered
ORD-00129,2025-11-06,CUST-5835,Micheal Young,Multan,Home and Kitchen,Table Lamp,2,4105,10,Cash on Delivery,Processing
ORD-00130,2025-11-30,CUST-6992,Joshua Taylor,Karachi,Electronics,Smartphone,2,144179,15,Bank Transfer,Delivered
ORD-00131,2025-10-20,CUST-5295,Christian Lewis,Gujranwala,Home and Kitchen,Blender,4,11038,20,Bank Transfer,Returned
ORD-00132,2025-12-31,CUST-6374,Joshua Perry,Gujranwala,Home and Kitchen,Blender,2,12724,0,Credit Card,Cancelled
ORD-00133,2025-10-11,CUST-3290,Jean Carrillo,Lahore,Electronics,Smart Watch,3,31758,0,Cash on Delivery,Delivered
ORD-00134,2026-04-19,CUST-3222,Spencer Johnston,Sahiwal,Books,Python Programming,1,2461,15,Bank Transfer,Delivered
ORD-00135,2026-01-24,CUST-7686,Guy Molina,Faisalabad,Books,Data Science Book,4,2811,10,Cash on Delivery,Cancelled
ORD-00136,2026-06-19,CUST-6942,Sara Medina,Karachi,Home and Kitchen,Cookware Set,4,22571,0,Debit Card,Shipped
ORD-00137,2026-05-04,CUST-3001,Lindsey Walker,Peshawar,Home and Kitchen,Blender,4,9520,0,Cash on Delivery,Cancelled
ORD-00138,2025-10-16,CUST-3063,John Price,Gujranwala,Clothing,T-Shirt,1,2566,0,Credit Card,Delivered
ORD-00139,2026-04-08,CUST-1046,Jennifer Martin,Faisalabad,Clothing,Jeans,2,5191,0,Credit Card,Delivered
ORD-00140,2026-01-20,CUST-3159,Veronica Ferguson,Lahore,Home and Kitchen,Cookware Set,1,29661,0,Debit Card,Returned
ORD-00141,2026-07-10,CUST-1858,Justin Johnson,Islamabad,Clothing,Jacket,1,6854,5,Bank Transfer,Shipped
ORD-00142,2026-03-29,CUST-9408,Sean White,Gujranwala,Electronics,Laptop,4,178756,5,Cash on Delivery,Processing
ORD-00143,2025-11-01,CUST-1510,Daniel Murphy,Lahore,Clothing,T-Shirt,5,2435,10,Bank Transfer,Returned
ORD-00144,2026-05-14,CUST-8267,Diana Bean,Karachi,Books,Business Analytics Book,1,5816,20,Cash on Delivery,Delivered
ORD-00145,2026-01-02,CUST-9984,Bradley Smith,Multan,Clothing,T-Shirt,2,2326,15,Bank Transfer,Shipped
ORD-00146,2026-02-17,CUST-2874,Trevor Walker,Quetta,Home and Kitchen,Coffee Maker,5,21096,0,Credit Card,Processing
ORD-00147,2025-08-18,CUST-7532,Marissa Webster,Sahiwal,Books,Data Science Book,4,4776,10,Cash on Delivery,Delivered
ORD-00148,2025-10-27,CUST-8770,Alex Hernandez,Karachi,Books,Machine Learning Book,3,5566,0,Cash on Delivery,Returned
ORD-00149,2025-09-10,CUST-7105,Brian Gould,Islamabad,Electronics,Laptop,4,132656,20,Digital Wallet,Delivered
ORD-00150,2026-01-19,CUST-7929,Pamela Jackson,Lahore,Home and Kitchen,Blender,4,10793,20,Debit Card,Shipped
ORD-00151,2026-03-15,CUST-4485,Michelle Strickland,Islamabad,Home and Kitchen,Table Lamp,1,6734,15,Bank Transfer,Delivered
ORD-00152,2025-09-24,CUST-5564,Ashley Johnson,Gujranwala,Electronics,Headphones,5,14044,0,Credit Card,Returned
ORD-00153,2025-11-21,CUST-5381,Susan Brooks,Lahore,Books,Python Programming,5,4194,20,Credit Card,Delivered
ORD-00154,2026-07-23,CUST-3347,Angela Vaughn,Gujranwala,Home and Kitchen,Table Lamp,3,2050,0,Bank Transfer,Delivered
ORD-00155,2026-03-23,CUST-7163,Michael Turner,Sahiwal,Clothing,T-Shirt,1,3372,0,Bank Transfer,Delivered
ORD-00156,2026-04-14,CUST-2391,Barbara Riggs,Lahore,Clothing,Jacket,3,9314,15,Credit Card,Delivered
ORD-00157,2026-05-22,CUST-7947,Joseph Stanley,Peshawar,Electronics,Laptop,3,178079,20,Digital Wallet,Processing
ORD-00158,2025-08-18,CUST-6655,Gloria Atkinson,Sahiwal,Books,Machine Learning Book,2,6697,0,Cash on Delivery,Delivered
ORD-00159,2026-06-07,CUST-1897,Jeffrey Cox PhD,Lahore,Books,Machine Learning Book,1,4306,10,Credit Card,Delivered
ORD-00160,2026-01-17,CUST-2965,Jessica Gross,Lahore,Clothing,Jeans,3,4871,5,Bank Transfer,Cancelled
ORD-00161,2026-04-01,CUST-4770,Robert Medina,Quetta,Books,Data Science Book,2,5114,15,Digital Wallet,Returned
ORD-00162,2026-01-26,CUST-8147,Roger Vargas,Lahore,Home and Kitchen,Blender,4,17157,0,Bank Transfer,Delivered
ORD-00163,2025-11-25,CUST-7843,Sandra Miller,Faisalabad,Home and Kitchen,Coffee Maker,5,20252,20,Cash on Delivery,Processing
ORD-00164,2026-06-30,CUST-6928,Paul Hudson,Karachi,Electronics,Headphones,2,22254,10,Bank Transfer,Returned
ORD-00165,2026-04-08,CUST-2288,Allen Rosales,Sahiwal,Electronics,Smartphone,4,144975,15,Debit Card,Cancelled
ORD-00166,2025-10-01,CUST-9363,Mr. David Ramirez,Karachi,Home and Kitchen,Cookware Set,3,13509,0,Digital Wallet,Shipped
ORD-00167,2026-03-11,CUST-4871,Desiree Smith,Karachi,Clothing,Jacket,3,14574,0,Credit Card,Delivered
ORD-00168,2025-10-05,CUST-2234,Nathan Freeman,Islamabad,Clothing,Jeans,5,3752,20,Bank Transfer,Processing
ORD-00169,2026-05-13,CUST-2118,John Joseph,Peshawar,Books,Machine Learning Book,3,3736,10,Bank Transfer,Cancelled
ORD-00170,2026-01-13,CUST-9312,Anna Walker,Karachi,Home and Kitchen,Table Lamp,5,2460,5,Debit Card,Processing
ORD-00171,2026-04-17,CUST-2257,Matthew Wood,Karachi,Books,Python Programming,1,3010,5,Digital Wallet,Shipped
ORD-00172,2026-02-22,CUST-4084,Jessica Reese,Multan,Books,Business Analytics Book,5,2136,10,Digital Wallet,Processing
ORD-00173,2025-11-28,CUST-2381,Jesse Parker,Quetta,Clothing,T-Shirt,4,1623,5,Credit Card,Delivered
ORD-00174,2025-10-20,CUST-3600,Corey Wilson,Multan,Clothing,Shoes,4,11586,15,Debit Card,Delivered
ORD-00175,2026-02-16,CUST-6482,Melissa Lee,Karachi,Books,Business Analytics Book,3,2228,20,Debit Card,Delivered
ORD-00176,2026-05-05,CUST-3463,Dr. William Warren,Multan,Books,Machine Learning Book,3,7878,15,Cash on Delivery,Shipped
ORD-00177,2025-11-09,CUST-7421,Dr. Elizabeth Ward,Islamabad,Clothing,Jacket,3,14748,20,Digital Wallet,Cancelled
ORD-00178,2025-11-17,CUST-6381,Joseph Hill,Islamabad,Electronics,Headphones,5,14343,20,Digital Wallet,Delivered
ORD-00179,2025-08-13,CUST-3953,Melissa Martinez,Rawalpindi,Books,Machine Learning Book,1,5470,5,Debit Card,Returned
ORD-00180,2026-06-25,CUST-2264,Ashley Smith,Faisalabad,Books,Data Science Book,2,3126,0,Cash on Delivery,Shipped
ORD-00181,2025-11-10,CUST-7172,Jeremiah Lopez,Islamabad,Electronics,Headphones,5,6294,15,Credit Card,Delivered
ORD-00182,2025-08-11,CUST-4891,Scott Wilson,Peshawar,Clothing,Shoes,1,9731,5,Digital Wallet,Delivered
ORD-00183,2025-08-17,CUST-8684,Benjamin Soto,Rawalpindi,Books,Data Science Book,5,3959,5,Debit Card,Cancelled
ORD-00184,2025-08-12,CUST-9641,Robert Avery,Sahiwal,Books,Business Analytics Book,3,4928,15,Credit Card,Returned
ORD-00185,2025-08-25,CUST-8873,Bailey Duran DDS,Multan,Clothing,Jeans,3,2927,20,Digital Wallet,Delivered
ORD-00186,2026-05-26,CUST-8361,Patricia James,Quetta,Electronics,Headphones,1,7253,5,Credit Card,Returned
ORD-00187,2026-07-10,CUST-6727,Scott Branch,Lahore,Books,Python Programming,2,4845,10,Bank Transfer,Delivered
ORD-00188,2025-11-18,CUST-7142,Amy Choi,Rawalpindi,Books,Machine Learning Book,2,5663,0,Cash on Delivery,Delivered
ORD-00189,2025-08-30,CUST-5700,Christine Clark,Peshawar,Electronics,Headphones,2,6508,0,Credit Card,Returned
ORD-00190,2026-04-05,CUST-1311,David Arnold,Faisalabad,Books,Business Analytics Book,5,1843,0,Credit Card,Returned
ORD-00191,2025-09-21,CUST-4893,Jerry Wheeler,Faisalabad,Clothing,Shoes,1,15716,5,Cash on Delivery,Delivered
ORD-00192,2025-11-13,CUST-2816,Dwayne Campbell,Peshawar,Clothing,Shoes,5,10489,0,Digital Wallet,Shipped
ORD-00193,2026-06-21,CUST-1025,Michael Bradshaw,Gujranwala,Electronics,Smartphone,2,116355,10,Debit Card,Delivered
ORD-00194,2026-05-24,CUST-2108,Leah Lara,Quetta,Books,Data Science Book,1,6288,5,Digital Wallet,Shipped
ORD-00195,2025-10-07,CUST-7338,Joshua Holland,Multan,Electronics,Smart Watch,4,7853,20,Debit Card,Cancelled
ORD-00196,2026-07-10,CUST-2698,Charles Brown,Gujranwala,Electronics,Headphones,1,13298,0,Debit Card,Delivered
ORD-00197,2026-05-26,CUST-3868,Paul Carroll,Peshawar,Electronics,Headphones,5,13093,20,Bank Transfer,Cancelled
ORD-00198,2025-11-12,CUST-5807,John Torres,Rawalpindi,Clothing,Jeans,1,6249,0,Cash on Delivery,Returned
ORD-00199,2025-12-26,CUST-7524,Kathryn Snyder,Quetta,Clothing,T-Shirt,3,2470,15,Bank Transfer,Delivered
ORD-00200,2025-08-23,CUST-6438,Stacy Navarro,Faisalabad,Electronics,Smartphone,3,133578,0,Cash on Delivery,Returned
ORD-00201,2026-03-14,CUST-6554,Brandon Hayden,Islamabad,Home and Kitchen,Coffee Maker,4,21409,10,Bank Transfer,Cancelled
ORD-00202,2026-06-12,CUST-7955,Laurie Smith,Karachi,Books,Machine Learning Book,5,4684,0,Bank Transfer,Shipped
ORD-00203,2026-05-16,CUST-6372,Debra Williams,Faisalabad,Clothing,Jacket,3,5680,0,Debit Card,Processing
ORD-00204,2026-05-12,CUST-1693,Joseph Ramos,Multan,Books,Data Science Book,4,4879,10,Digital Wallet,Processing
ORD-00205,2025-11-08,CUST-7655,Kevin Walters,Multan,Home and Kitchen,Blender,1,15996,20,Digital Wallet,Returned
ORD-00206,2026-01-29,CUST-3068,Julie Ortiz,Karachi,Clothing,T-Shirt,2,2994,0,Credit Card,Returned
ORD-00207,2025-11-24,CUST-3513,Shannon Rivera,Peshawar,Home and Kitchen,Table Lamp,4,6646,0,Debit Card,Delivered
ORD-00208,2026-04-18,CUST-7012,Matthew Morales DDS,Sahiwal,Books,Python Programming,5,2063,15,Debit Card,Cancelled
ORD-00209,2025-08-06,CUST-4048,Ernest Morris,Peshawar,Home and Kitchen,Cookware Set,1,8849,20,Digital Wallet,Processing
ORD-00210,2026-05-19,CUST-5678,Jose Travis,Peshawar,Electronics,Headphones,3,16623,0,Credit Card,Delivered
ORD-00211,2026-04-04,CUST-8292,Julia Brown,Karachi,Clothing,T-Shirt,4,1907,20,Debit Card,Cancelled
ORD-00212,2026-02-09,CUST-5914,Peter Garrett,Islamabad,Home and Kitchen,Blender,5,13882,5,Credit Card,Returned
ORD-00213,2026-05-14,CUST-4878,Derek Anderson,Peshawar,Home and Kitchen,Cookware Set,1,14585,0,Cash on Delivery,Delivered
ORD-00214,2025-11-11,CUST-2412,Michael Martinez,Karachi,Home and Kitchen,Coffee Maker,5,11252,15,Debit Card,Processing
ORD-00215,2026-03-24,CUST-6194,Cynthia Moore,Karachi,Books,Business Analytics Book,4,2404,0,Bank Transfer,Processing
ORD-00216,2026-02-21,CUST-3981,Jason Walker,Islamabad,Home and Kitchen,Cookware Set,5,28964,15,Bank Transfer,Shipped
ORD-00217,2026-06-14,CUST-3697,Julia Wilson,Islamabad,Electronics,Laptop,5,140056,5,Debit Card,Cancelled
ORD-00218,2026-06-11,CUST-5105,Timothy Carter,Rawalpindi,Clothing,Jacket,5,8653,0,Digital Wallet,Delivered
ORD-00219,2026-04-22,CUST-9234,Ruben Baird,Islamabad,Clothing,Jacket,5,12740,0,Digital Wallet,Shipped
ORD-00220,2025-10-25,CUST-1674,Charles Lee,Lahore,Clothing,Jeans,5,5265,15,Cash on Delivery,Delivered
ORD-00221,2026-03-12,CUST-1496,Sherry Shields,Peshawar,Home and Kitchen,Cookware Set,5,21650,15,Digital Wallet,Delivered
ORD-00222,2025-11-07,CUST-8430,Sarah Morgan,Karachi,Home and Kitchen,Coffee Maker,2,20306,5,Cash on Delivery,Delivered
ORD-00223,2026-05-24,CUST-6573,Samantha Campbell,Gujranwala,Books,Business Analytics Book,4,5604,0,Credit Card,Delivered
ORD-00224,2025-11-15,CUST-9437,Lauren Keller,Quetta,Home and Kitchen,Table Lamp,4,3071,5,Cash on Delivery,Delivered
ORD-00225,2026-06-24,CUST-5061,Joshua Reed,Islamabad,Clothing,Shoes,1,7382,10,Cash on Delivery,Delivered
ORD-00226,2026-02-22,CUST-3616,Jamie Cantu,Multan,Home and Kitchen,Coffee Maker,5,20701,0,Digital Wallet,Cancelled
ORD-00227,2026-06-25,CUST-8648,Michael Armstrong,Peshawar,Home and Kitchen,Cookware Set,2,24327,15,Debit Card,Processing
ORD-00228,2025-10-21,CUST-4944,Jennifer Flores,Rawalpindi,Electronics,Laptop,4,186249,10,Digital Wallet,Delivered
ORD-00229,2026-01-22,CUST-8710,Roberta Hughes,Faisalabad,Electronics,Laptop,3,184866,15,Digital Wallet,Delivered
ORD-00230,2026-04-06,CUST-6992,Marissa Hernandez,Sahiwal,Electronics,Smart Watch,2,22332,20,Debit Card,Delivered
ORD-00231,2025-08-06,CUST-6939,Vincent Rivera,Quetta,Books,Python Programming,5,3801,0,Debit Card,Delivered
ORD-00232,2025-08-30,CUST-2946,Jessica Fox,Islamabad,Books,Business Analytics Book,5,4091,15,Cash on Delivery,Processing
ORD-00233,2026-01-16,CUST-4261,Charles Pitts,Gujranwala,Home and Kitchen,Table Lamp,5,4995,0,Digital Wallet,Processing
ORD-00234,2025-09-20,CUST-6456,Richard Baker,Peshawar,Electronics,Laptop,1,137961,20,Digital Wallet,Processing
ORD-00235,2026-03-22,CUST-7438,Marie Christian,Gujranwala,Clothing,Jeans,3,5109,0,Debit Card,Shipped
ORD-00236,2026-06-19,CUST-1272,Kimberly Finley,Multan,Home and Kitchen,Coffee Maker,5,16823,10,Debit Card,Cancelled
ORD-00237,2026-03-23,CUST-1436,Olivia Brennan,Gujranwala,Electronics,Smart Watch,5,25163,20,Bank Transfer,Delivered
ORD-00238,2025-08-05,CUST-9589,Cynthia Cohen,Gujranwala,Clothing,T-Shirt,5,3167,0,Bank Transfer,Delivered
ORD-00239,2025-11-11,CUST-1310,Nicole Hamilton MD,Peshawar,Clothing,T-Shirt,5,1650,0,Debit Card,Processing
ORD-00240,2026-03-26,CUST-8726,Ashlee Jackson,Lahore,Clothing,Shoes,2,9723,15,Credit Card,Shipped
ORD-00241,2025-11-16,CUST-6140,Amber Flynn,Islamabad,Clothing,Jacket,4,12609,10,Bank Transfer,Shipped
ORD-00242,2025-11-13,CUST-4150,Jeffrey Sanchez,Rawalpindi,Home and Kitchen,Table Lamp,3,6997,10,Debit Card,Shipped
ORD-00243,2025-12-30,CUST-4396,Rebecca Jackson,Peshawar,Home and Kitchen,Cookware Set,3,17470,20,Debit Card,Processing
ORD-00244,2025-08-22,CUST-9899,Janet Vega,Sahiwal,Home and Kitchen,Table Lamp,3,2998,15,Bank Transfer,Returned
ORD-00245,2026-02-01,CUST-2294,Briana Murray,Multan,Home and Kitchen,Cookware Set,3,9378,5,Bank Transfer,Cancelled
ORD-00246,2025-10-29,CUST-5442,Michael Nolan,Quetta,Home and Kitchen,Coffee Maker,2,13621,15,Debit Card,Delivered
ORD-00247,2026-01-19,CUST-9700,Megan Moore,Rawalpindi,Electronics,Smartphone,2,53307,20,Credit Card,Delivered
ORD-00248,2026-01-10,CUST-3252,Victoria Evans,Lahore,Electronics,Smart Watch,3,35959,0,Digital Wallet,Delivered
ORD-00249,2026-01-03,CUST-6262,Joyce Turner,Faisalabad,Books,Business Analytics Book,4,3433,5,Cash on Delivery,Returned
ORD-00250,2025-12-19,CUST-7846,Ashley James,Islamabad,Electronics,Smartphone,5,49777,0,Cash on Delivery,Returned
ORD-00251,2025-12-09,CUST-1151,Wendy Phillips,Faisalabad,Books,Business Analytics Book,2,4171,0,Digital Wallet,Shipped
ORD-00252,2026-06-10,CUST-9901,Denise Knight,Quetta,Electronics,Headphones,3,16888,20,Bank Transfer,Delivered
ORD-00253,2026-04-15,CUST-3662,Valerie Lozano,Peshawar,Books,Machine Learning Book,2,3422,5,Debit Card,Cancelled
ORD-00254,2026-05-08,CUST-4164,Tanner Mitchell DDS,Islamabad,Clothing,T-Shirt,3,2408,15,Digital Wallet,Returned
ORD-00255,2026-03-15,CUST-7567,Colleen Lee,Karachi,Books,Business Analytics Book,5,4486,0,Credit Card,Delivered
ORD-00256,2025-10-28,CUST-7284,Michelle Hopkins,Rawalpindi,Books,Machine Learning Book,2,2555,5,Bank Transfer,Returned
ORD-00257,2026-06-13,CUST-1187,Brent Burton,Faisalabad,Home and Kitchen,Table Lamp,3,6771,20,Debit Card,Cancelled
ORD-00258,2025-08-07,CUST-3616,Jeremiah Riley,Sahiwal,Clothing,T-Shirt,1,3106,5,Digital Wallet,Cancelled
ORD-00259,2026-05-03,CUST-4618,Theodore Murphy,Rawalpindi,Home and Kitchen,Blender,3,11021,15,Credit Card,Processing
ORD-00260,2025-12-31,CUST-9998,Carlos Ryan,,Clothing,Shoes,5,9121,10,Digital Wallet,Returned
ORD-00261,2025-12-12,CUST-8319,Susan Rivas,Quetta,Clothing,Jeans,5,3170,15,Debit Card,Delivered
ORD-00262,2025-10-30,CUST-4312,Terry Coffey,Gujranwala,Electronics,Laptop,5,238343,15,Digital Wallet,Delivered
ORD-00263,2025-11-14,CUST-4365,Gina Wilson,Gujranwala,Clothing,Jacket,5,11239,0,Bank Transfer,Delivered
ORD-00264,2025-08-21,CUST-7806,Vincent Dalton,Peshawar,Books,Python Programming,4,2040,15,Digital Wallet,Delivered
ORD-00265,2026-04-30,CUST-1049,Jennifer Singleton,Rawalpindi,Books,Machine Learning Book,1,5743,5,Digital Wallet,Delivered
ORD-00266,2026-02-24,CUST-1987,Richard Smith,Karachi,Electronics,Smart Watch,3,9178,15,Bank Transfer,Delivered
ORD-00267,2026-02-16,CUST-7887,Jacob Curry,Multan,Home and Kitchen,Coffee Maker,2,11437,20,Bank Transfer,Processing
ORD-00268,2025-11-01,CUST-6697,Samantha Bentley,Karachi,Books,Business Analytics Book,1,2889,20,Credit Card,Shipped
ORD-00269,2025-09-03,CUST-5888,Kaitlyn Harvey,Peshawar,Books,Data Science Book,2,2028,0,Digital Wallet,Processing
ORD-00270,2026-02-26,CUST-3541,Leonard Holland,Faisalabad,Books,Data Science Book,2,5773,5,Credit Card,Cancelled
ORD-00271,2026-03-26,CUST-4943,Susan Turner,Rawalpindi,Electronics,Laptop,4,200599,0,Cash on Delivery,Delivered
ORD-00272,2025-12-28,CUST-1724,Andrew Johnson,Sahiwal,Electronics,Smart Watch,5,8190,0,Bank Transfer,Delivered
ORD-00273,2026-01-30,CUST-4836,David Medina,Gujranwala,Clothing,T-Shirt,2,3263,5,Debit Card,Shipped
ORD-00274,2025-12-20,CUST-9540,Michael Paul,Rawalpindi,Home and Kitchen,Cookware Set,3,12694,20,Bank Transfer,Delivered
ORD-00275,2026-02-17,CUST-3869,Patrick Moore,Sahiwal,Home and Kitchen,Blender,5,14693,20,Digital Wallet,Processing
ORD-00276,2025-12-31,CUST-7821,Sandra Gilbert,Sahiwal,Electronics,Headphones,4,19185,5,Credit Card,Delivered
ORD-00277,2026-07-22,CUST-4692,Amanda Wood,Faisalabad,Books,Data Science Book,5,5879,0,Credit Card,Returned
ORD-00278,2026-01-11,CUST-9683,David Cox,Islamabad,Books,Python Programming,5,3190,10,Bank Transfer,Delivered
ORD-00279,2026-04-15,CUST-8369,Steven Newman,Multan,Home and Kitchen,Cookware Set,3,29191,0,Cash on Delivery,Shipped
ORD-00280,2025-08-15,CUST-1647,Colton Martinez,Karachi,Clothing,T-Shirt,3,2744,20,Credit Card,Returned
ORD-00281,2026-06-17,CUST-5967,Anna Lewis,Lahore,Clothing,Shoes,2,17245,5,Credit Card,Delivered
ORD-00282,2026-03-28,CUST-4350,Alison Buchanan,Sahiwal,Electronics,Smart Watch,2,44610,20,Credit Card,Shipped
ORD-00283,2025-10-25,CUST-6886,Rachel Harris DVM,Faisalabad,Home and Kitchen,Table Lamp,4,5819,15,Debit Card,Delivered
ORD-00284,2026-02-23,CUST-4328,Daniel Kane,Multan,Books,Business Analytics Book,1,5646,5,Debit Card,Processing
ORD-00285,2025-11-27,CUST-7841,Rachel Carlson,Faisalabad,Electronics,Smartphone,2,44251,5,Credit Card,Delivered
ORD-00286,2025-11-07,CUST-9180,Brianna Anderson,Quetta,Home and Kitchen,Cookware Set,4,26670,0,Debit Card,Delivered
ORD-00287,2025-10-28,CUST-6770,Ashley Delacruz,Islamabad,Books,Business Analytics Book,4,3178,20,Credit Card,Cancelled
ORD-00288,2025-09-12,CUST-1554,Richard Young,Karachi,Books,Data Science Book,5,2481,15,Cash on Delivery,Returned
ORD-00289,2025-11-25,CUST-3474,Derek Martinez,Lahore,Electronics,Smart Watch,2,20167,0,Credit Card,Shipped
ORD-00290,2026-01-02,CUST-8916,Nichole Alvarez,Peshawar,Books,Machine Learning Book,1,7561,20,Cash on Delivery,Delivered
ORD-00291,2026-05-21,CUST-5501,Kevin Hayes,Quetta,Books,Python Programming,1,3668,20,Debit Card,Delivered
ORD-00292,2025-10-17,CUST-3439,Amanda Logan,Rawalpindi,Books,Data Science Book,1,2789,15,Credit Card,Shipped
ORD-00293,2026-06-24,CUST-2294,Elizabeth Schneider,Multan,Home and Kitchen,Table Lamp,3,8512,10,Bank Transfer,Processing
ORD-00294,2025-08-04,CUST-1519,John Morales,Karachi,Clothing,Jeans,3,3160,20,Bank Transfer,Processing
ORD-00295,2026-04-15,CUST-3807,Micheal Wallace,Karachi,Books,Business Analytics Book,1,1877,20,Bank Transfer,Returned
ORD-00296,2026-07-07,CUST-1697,Lee Jones,Rawalpindi,Books,Machine Learning Book,5,3281,15,Credit Card,Returned
ORD-00297,2025-11-06,CUST-5593,Lauren Joseph,Quetta,Books,Machine Learning Book,1,3109,20,Digital Wallet,Cancelled
ORD-00298,2025-12-17,CUST-3362,Kerry Chavez DDS,Sahiwal,Electronics,Smartphone,3,44104,0,Cash on Delivery,Delivered
ORD-00299,2025-08-30,CUST-9856,Ashley Pena,Multan,Clothing,Jeans,5,5687,20,Bank Transfer,Returned
ORD-00300,2026-06-28,CUST-2600,Michelle Lewis,Sahiwal,Clothing,T-Shirt,5,2616,0,Credit Card,Returned
ORD-00301,2026-01-14,CUST-7499,Jennifer Wilcox,Multan,Electronics,Headphones,5,22115,15,Cash on Delivery,Cancelled
ORD-00302,2025-12-24,CUST-7150,Brandon Simmons,Sahiwal,Home and Kitchen,Coffee Maker,4,14475,5,Credit Card,Cancelled
ORD-00303,2026-04-07,CUST-2204,Troy Mcdaniel,Karachi,Books,Python Programming,5,2709,0,Debit Card,Delivered
ORD-00304,2026-01-23,CUST-2745,Ronald Davis,Karachi,Books,Data Science Book,4,4594,5,Cash on Delivery,Delivered
ORD-00305,2025-08-29,CUST-2430,Jacqueline Anderson,Islamabad,Books,Machine Learning Book,3,3337,0,Bank Transfer,Processing
ORD-00306,2025-08-15,CUST-2524,Kristina Rivera,Gujranwala,Books,Python Programming,1,1867,5,Digital Wallet,Returned
ORD-00307,2025-09-08,CUST-7353,Shane Pugh,Karachi,Home and Kitchen,Coffee Maker,1,16563,10,Digital Wallet,Delivered
ORD-00308,2026-01-03,CUST-5933,Michelle Schmitt,Faisalabad,Clothing,Shoes,2,5274,5,Bank Transfer,Delivered
ORD-00309,2026-03-13,CUST-5911,Brian Romero,Peshawar,Electronics,Smartphone,4,112341,10,Cash on Delivery,Delivered
ORD-00310,2025-09-21,CUST-4203,Courtney Rodriguez,Peshawar,Home and Kitchen,Cookware Set,4,27457,15,Cash on Delivery,Delivered
ORD-00311,2026-06-16,CUST-7224,Ashley Ramirez,Multan,Home and Kitchen,Blender,4,10443,15,Bank Transfer,Delivered
ORD-00312,2025-10-18,CUST-4290,Sarah Villegas,Peshawar,Books,Data Science Book,3,4626,15,Debit Card,Delivered
ORD-00313,2026-06-05,CUST-4971,Megan Hawkins,Multan,Books,Machine Learning Book,3,7684,10,Bank Transfer,Delivered
ORD-00314,2026-03-16,CUST-9939,Sandra Adams,Islamabad,Books,Machine Learning Book,1,7119,0,Digital Wallet,Delivered
ORD-00315,2025-10-01,CUST-2133,Phillip Dorsey,Sahiwal,Books,Data Science Book,4,4386,20,Bank Transfer,Delivered
ORD-00316,2025-12-06,CUST-7932,Sergio Knight,Sahiwal,Home and Kitchen,Cookware Set,3,29583,0,Cash on Delivery,Processing
ORD-00317,2025-12-25,CUST-7853,Patrick Bonilla,Quetta,Books,Business Analytics Book,5,5950,20,Cash on Delivery,Returned
ORD-00318,2025-08-27,CUST-6816,Cindy Barnes,Islamabad,Home and Kitchen,Blender,1,17598,0,Digital Wallet,Delivered
ORD-00319,2025-12-02,CUST-2615,Eric Nguyen,Faisalabad,Books,Machine Learning Book,4,3367,0,Credit Card,Shipped
ORD-00320,2026-07-23,CUST-9199,Angela Williams,Islamabad,Clothing,Shoes,3,9408,10,Debit Card,Delivered
ORD-00321,2025-09-22,CUST-2901,Amber Miller,Islamabad,Books,Python Programming,3,3203,0,Debit Card,Delivered
ORD-00322,2026-01-11,CUST-6706,Karla Ramos,Peshawar,Home and Kitchen,Coffee Maker,2,24075,10,Cash on Delivery,Processing
ORD-00323,2025-11-06,CUST-2885,Jose Reed,Lahore,Books,Machine Learning Book,1,4959,0,Debit Card,Cancelled
ORD-00324,2025-09-04,CUST-3623,Michael Tucker,Multan,Electronics,Smartphone,2,175264,0,Digital Wallet,Processing
ORD-00325,2026-04-08,CUST-8080,Daniel Joyce,Sahiwal,Books,Data Science Book,4,3511,0,Cash on Delivery,Cancelled
ORD-00326,2025-08-13,CUST-1072,Eric Clark,Rawalpindi,Clothing,Shoes,5,10037,10,Credit Card,Delivered
ORD-00327,2025-09-14,CUST-6340,Donna Wilson,Rawalpindi,Electronics,Laptop,5,144505,5,Bank Transfer,Delivered
ORD-00328,2026-02-01,CUST-7367,Casey James,Gujranwala,Home and Kitchen,Coffee Maker,5,17269,15,Bank Transfer,Shipped
ORD-00329,2026-04-22,CUST-3826,Justin Barnett,Faisalabad,Electronics,Headphones,3,17003,15,Digital Wallet,Shipped
ORD-00330,2025-12-07,CUST-6003,Scott Williams,Karachi,Electronics,Smartphone,3,70896,0,Credit Card,Delivered
ORD-00331,2025-07-30,CUST-7286,Blake Edwards,Sahiwal,Clothing,Shoes,4,12771,0,Credit Card,Processing
ORD-00332,2026-01-05,CUST-4065,Michelle Butler,Multan,Clothing,Jeans,4,4866,0,Bank Transfer,Shipped
ORD-00333,2025-09-05,CUST-4196,Vincent Jackson,Sahiwal,Electronics,Headphones,1,17879,0,Digital Wallet,Shipped
ORD-00334,2026-03-20,CUST-8272,Michael Cox,Peshawar,Books,Business Analytics Book,4,5204,20,Credit Card,Delivered
ORD-00335,2026-01-08,CUST-4683,Dana Chapman,Quetta,Electronics,Smartphone,3,48570,5,Debit Card,Delivered
ORD-00336,2026-02-11,CUST-2871,Seth Reese,Faisalabad,Books,Business Analytics Book,5,5984,0,Digital Wallet,Returned
ORD-00337,2025-10-17,CUST-7965,Christopher Dixon,Karachi,Home and Kitchen,Blender,4,13951,0,Credit Card,Delivered
ORD-00338,2025-09-05,CUST-8193,Cheyenne Parsons,Karachi,Electronics,Smart Watch,3,27844,0,Credit Card,Delivered
ORD-00339,2025-12-06,CUST-4390,Sabrina Briggs,Lahore,Home and Kitchen,Coffee Maker,2,11562,0,Digital Wallet,Delivered
ORD-00340,2025-10-22,CUST-5380,David Thompson,Quetta,Home and Kitchen,Cookware Set,3,17589,5,Cash on Delivery,Delivered
ORD-00341,2025-09-20,CUST-3174,Mary Thompson,Rawalpindi,Books,Python Programming,3,4186,0,Credit Card,Cancelled
ORD-00342,2026-05-19,CUST-5402,Julie Elliott,Sahiwal,Home and Kitchen,Cookware Set,4,24038,0,Bank Transfer,Processing
ORD-00343,2026-03-05,CUST-5558,Thomas Cunningham,Multan,Electronics,Laptop,4,187582,20,Bank Transfer,Processing
ORD-00344,2026-03-26,CUST-6869,Mrs. Tricia Stewart,Karachi,Home and Kitchen,Blender,1,16975,10,Digital Wallet,Processing
ORD-00345,2026-01-09,CUST-6289,Jeremy Turner,Faisalabad,Clothing,Shoes,2,11105,5,Debit Card,Shipped
ORD-00346,2025-11-06,CUST-1793,Heather Jones,Lahore,Clothing,Shoes,3,17649,20,Cash on Delivery,Cancelled
ORD-00347,2026-01-18,CUST-8479,Anthony Decker,Lahore,Books,Python Programming,1,2147,10,Bank Transfer,Delivered
ORD-00348,2025-08-21,CUST-6905,Vanessa Davis,Faisalabad,Clothing,Jacket,2,8489,0,Cash on Delivery,Delivered
ORD-00349,2026-03-10,CUST-4836,Julie Spencer,Sahiwal,Clothing,T-Shirt,4,2451,20,Cash on Delivery,Cancelled
ORD-00350,2026-05-26,CUST-3174,Amanda Stout,Gujranwala,Electronics,Laptop,2,182496,0,Credit Card,Shipped
ORD-00351,2026-03-02,CUST-2975,Erica Alvarez,Sahiwal,Books,Python Programming,1,4349,5,Credit Card,Processing
ORD-00352,2025-09-19,CUST-2678,Joanna Shepherd,Karachi,Electronics,Smartphone,4,63417,20,Debit Card,Delivered
ORD-00353,2026-06-13,CUST-3340,Miguel Wagner,Karachi,Home and Kitchen,Cookware Set,4,12362,20,Digital Wallet,Shipped
ORD-00354,2025-09-28,CUST-4490,Michael Ritter,Islamabad,Electronics,Smartphone,4,132061,20,Bank Transfer,Shipped
ORD-00355,2026-02-11,CUST-3017,Caitlin Watson,Gujranwala,Books,Data Science Book,1,2823,0,Bank Transfer,Delivered
ORD-00356,2025-11-09,CUST-2380,Raymond Shelton,Rawalpindi,Books,Machine Learning Book,2,4529,5,Digital Wallet,Shipped
ORD-00357,2025-08-12,CUST-9348,Maria Jones,Rawalpindi,Home and Kitchen,Blender,3,8366,15,Bank Transfer,Delivered
ORD-00358,2025-08-28,CUST-4949,Jasmine King,Peshawar,Electronics,Smartphone,4,141157,0,Digital Wallet,Delivered
ORD-00359,2026-06-18,CUST-7895,Susan Marks,Multan,Electronics,Headphones,3,6324,10,Digital Wallet,Cancelled
ORD-00360,2025-11-29,CUST-2106,Matthew Rangel,Lahore,Clothing,Shoes,1,3273,15,Debit Card,Delivered
ORD-00361,2025-11-20,CUST-9209,Melissa Myers,Sahiwal,Electronics,Laptop,4,186402,5,Bank Transfer,Cancelled
ORD-00362,2026-03-11,CUST-3501,Angela Hansen,Faisalabad,Books,Python Programming,5,3702,15,Cash on Delivery,Delivered
ORD-00363,2026-03-29,CUST-2083,Robin Santiago,Faisalabad,Electronics,Smartphone,2,125655,10,Bank Transfer,Cancelled
ORD-00364,2026-06-09,CUST-2900,Yolanda Gaines,Peshawar,Clothing,T-Shirt,2,1553,10,Digital Wallet,Shipped
ORD-00365,2025-08-28,CUST-3248,Jessica Cox,Lahore,Electronics,Headphones,2,5913,0,Credit Card,Processing
ORD-00366,2025-12-10,CUST-5403,Trevor Peterson,Karachi,Home and Kitchen,Table Lamp,2,5046,0,Cash on Delivery,Delivered
ORD-00367,2026-05-16,CUST-2262,Mr. Chad Jones,Peshawar,Books,Machine Learning Book,5,3023,5,Bank Transfer,Shipped
ORD-00368,2026-06-15,CUST-7024,Katie Fernandez,Islamabad,Home and Kitchen,Blender,4,14287,0,Debit Card,Returned
ORD-00369,2026-05-05,CUST-1042,Amanda Rogers,Lahore,Electronics,Laptop,2,217095,15,Cash on Delivery,Delivered
ORD-00370,2026-05-16,CUST-3932,Linda Moore,Lahore,Electronics,Smart Watch,3,30098,0,Digital Wallet,Returned
ORD-00371,2025-10-01,CUST-6241,Patricia Lamb,Faisalabad,Books,Data Science Book,3,4033,10,Cash on Delivery,Shipped
ORD-00372,2025-09-25,CUST-3938,Amanda Diaz,Rawalpindi,Home and Kitchen,Blender,5,16031,0,Digital Wallet,Delivered
ORD-00373,2026-04-28,CUST-6362,Jeremy Mitchell,Karachi,Books,Python Programming,4,2656,5,Digital Wallet,Processing
ORD-00374,2026-05-09,CUST-5979,Cynthia Allen,Gujranwala,Electronics,Headphones,2,11554,15,Credit Card,Processing
ORD-00375,2026-06-02,CUST-3466,Stephanie Lee,Lahore,Home and Kitchen,Coffee Maker,2,24909,0,Bank Transfer,Delivered
ORD-00376,2026-04-12,CUST-7164,Victoria Murray,Faisalabad,Clothing,Jacket,1,9488,0,Cash on Delivery,Delivered
ORD-00377,2025-11-09,CUST-5584,Kathryn Barnes,Karachi,Clothing,Shoes,4,3981,0,Cash on Delivery,Delivered
ORD-00378,2025-09-23,CUST-2565,Rebecca Taylor,Quetta,Books,Machine Learning Book,4,3195,15,Credit Card,Cancelled
ORD-00379,2025-10-28,CUST-8126,John Watson,Islamabad,Books,Python Programming,5,3825,0,Credit Card,Delivered
ORD-00380,2026-07-20,CUST-6345,Ryan Rosales,Multan,Home and Kitchen,Table Lamp,4,7740,20,Bank Transfer,Delivered
ORD-00381,2025-11-10,CUST-2785,Christopher Cole,Islamabad,Clothing,T-Shirt,2,1757,15,Cash on Delivery,Delivered
ORD-00382,2026-02-07,CUST-9780,Jeffrey Potts,Multan,Books,Business Analytics Book,3,5130,0,Credit Card,Processing
ORD-00383,2025-10-17,CUST-3582,Stacey Arias,Faisalabad,Home and Kitchen,Coffee Maker,3,10929,0,Digital Wallet,Delivered
ORD-00384,2025-12-31,CUST-5066,Jonathan Young,Multan,Clothing,Jacket,2,5494,20,Bank Transfer,Shipped
ORD-00385,2025-08-23,CUST-7625,Alfred Galvan,Peshawar,Electronics,Headphones,3,7697,0,Digital Wallet,Cancelled
ORD-00386,2026-06-13,CUST-2989,Gabriela Thomas,Lahore,Clothing,T-Shirt,4,1617,0,Cash on Delivery,Returned
ORD-00387,2025-08-06,CUST-2376,Ronald Horton,Gujranwala,Clothing,Jeans,2,5781,5,Digital Wallet,Delivered
ORD-00388,2025-09-14,CUST-8265,Julie Gilbert,Islamabad,Electronics,Laptop,1,145919,20,Cash on Delivery,Returned
ORD-00389,2026-07-09,CUST-3752,David Conley,Gujranwala,Home and Kitchen,Blender,1,12552,0,Bank Transfer,Returned
ORD-00390,2026-02-21,CUST-7990,Lisa Henderson,Islamabad,Books,Business Analytics Book,1,4935,20,Debit Card,Delivered
ORD-00391,2026-05-20,CUST-1567,Eric Williams,Gujranwala,Clothing,Jacket,3,11307,0,Digital Wallet,Shipped
ORD-00392,2026-01-02,CUST-8848,Lisa Brown,Lahore,Clothing,Jacket,4,10750,15,Cash on Delivery,Delivered
ORD-00393,2026-06-12,CUST-9614,Linda Smith,Rawalpindi,Books,Data Science Book,4,3633,20,Digital Wallet,Returned
ORD-00394,2026-02-08,CUST-8940,Michelle Carter,Multan,Electronics,Smart Watch,3,36436,15,Digital Wallet,Shipped
ORD-00395,2025-07-23,CUST-6224,Cynthia Butler,Gujranwala,Home and Kitchen,Coffee Maker,3,12892,0,Credit Card,Delivered
ORD-00396,2026-04-07,CUST-4813,Kelly Ward,Islamabad,Home and Kitchen,Blender,4,13674,5,Cash on Delivery,Delivered
ORD-00397,2026-02-12,CUST-7363,Rachel Romero,Multan,Clothing,Jacket,5,4916,0,Credit Card,Delivered
ORD-00398,2025-07-30,CUST-6761,John Reid,Gujranwala,Clothing,Jacket,3,13692,0,Digital Wallet,Delivered
ORD-00399,2025-12-14,CUST-9035,Alan Kramer,Lahore,Clothing,Shoes,5,8063,0,Cash on Delivery,Delivered
ORD-00400,2025-12-03,CUST-1011,Matthew Garcia,Multan,Clothing,Jeans,1,6812,10,Digital Wallet,Delivered
ORD-00401,2026-03-05,CUST-1359,Evelyn Williams,Islamabad,Clothing,Jacket,2,9301,0,Digital Wallet,Cancelled
ORD-00402,2026-02-20,CUST-7120,Marvin Greer,Sahiwal,Clothing,T-Shirt,5,2694,0,Digital Wallet,Delivered
ORD-00403,2026-04-14,CUST-8157,Michael Welch,Peshawar,Home and Kitchen,Table Lamp,3,3117,0,Debit Card,Delivered
ORD-00404,2026-06-03,CUST-6026,Mike Acevedo,Faisalabad,Home and Kitchen,Cookware Set,5,13745,10,Credit Card,Delivered
ORD-00405,2025-08-06,CUST-6213,Andrew Gonzalez,Gujranwala,Electronics,Smart Watch,5,7122,0,Credit Card,Cancelled
ORD-00406,2025-08-08,CUST-2274,Eric Sanders,Rawalpindi,Electronics,Smart Watch,2,26703,20,Debit Card,Delivered
ORD-00407,2026-06-04,CUST-5345,Dawn Mullins,Rawalpindi,Clothing,T-Shirt,3,3029,0,Credit Card,Cancelled
ORD-00408,2025-10-05,CUST-1020,Scott Williams,Lahore,Electronics,Headphones,3,5540,20,Bank Transfer,Processing
ORD-00409,2026-04-03,CUST-6754,Caleb Richardson,Quetta,Books,Data Science Book,4,6039,10,Bank Transfer,Delivered
ORD-00410,2026-07-03,CUST-1547,Jeremiah Huber,Faisalabad,Books,Data Science Book,2,5696,0,Cash on Delivery,Delivered
ORD-00411,2025-12-01,CUST-7151,Kathleen Jimenez,Islamabad,Home and Kitchen,Blender,1,10600,0,Cash on Delivery,Shipped
ORD-00412,2026-07-16,CUST-1507,Debra Miller,Sahiwal,Electronics,Headphones,5,22107,10,Credit Card,Shipped
ORD-00413,2026-01-03,CUST-4367,Lance Short,Rawalpindi,Books,Data Science Book,1,2829,5,Bank Transfer,Cancelled
ORD-00414,2026-02-19,CUST-1813,Brian Murphy,,Home and Kitchen,Table Lamp,3,3945,0,Digital Wallet,Shipped
ORD-00415,2025-11-14,CUST-8005,Lance Simmons,Karachi,Books,Data Science Book,1,4955,0,Debit Card,Returned
ORD-00416,2026-04-16,CUST-3798,Jeremy Acosta,Faisalabad,Books,Data Science Book,1,2210,0,Cash on Delivery,Processing
ORD-00417,2026-07-12,CUST-5341,Zachary Hill,Karachi,Electronics,Headphones,4,17431,10,Digital Wallet,Processing
ORD-00418,2026-05-26,CUST-8303,Angela Walsh,Lahore,Clothing,Jacket,4,10052,0,Debit Card,Processing
ORD-00419,2025-12-11,CUST-2009,Nicole Moore,Islamabad,Books,Machine Learning Book,2,4700,15,Cash on Delivery,Delivered
ORD-00420,2025-08-04,CUST-1999,Lawrence Harrington,Sahiwal,Home and Kitchen,Coffee Maker,5,14455,15,Digital Wallet,Processing
ORD-00421,2025-08-05,CUST-7468,David Brewer,Lahore,Books,Data Science Book,4,4448,0,Digital Wallet,Shipped
ORD-00422,2025-12-10,CUST-4471,Keith Jacobs,Rawalpindi,Clothing,T-Shirt,4,1908,0,Credit Card,Delivered
ORD-00423,2026-04-12,CUST-3422,Jacob Wallace,,Books,Python Programming,4,2327,20,Debit Card,Delivered
ORD-00424,2025-08-21,CUST-6343,Kendra Sanders,Faisalabad,Electronics,Laptop,4,192923,10,Digital Wallet,Processing
ORD-00425,2026-04-01,CUST-3428,Tyler Johnson,Gujranwala,Electronics,Smart Watch,1,32160,0,Digital Wallet,Shipped
ORD-00426,2025-10-03,CUST-5687,Mr. Justin Green III,Quetta,Electronics,Laptop,5,222176,0,Debit Card,Processing
ORD-00427,2026-01-12,CUST-3821,Logan Benson,Faisalabad,Home and Kitchen,Coffee Maker,4,22500,0,Bank Transfer,Delivered
ORD-00428,2026-01-29,CUST-4892,Chad Jones,Lahore,Books,Python Programming,4,2857,20,Bank Transfer,Delivered
ORD-00429,2025-09-28,CUST-5593,Jill Miller,Peshawar,Home and Kitchen,Blender,3,9965,5,Cash on Delivery,Returned
ORD-00430,2026-04-13,CUST-5414,Victoria Contreras,Sahiwal,Clothing,Jeans,3,6129,5,Digital Wallet,Cancelled
ORD-00431,2026-04-24,CUST-8937,Joshua Vance,Quetta,Electronics,Smartphone,4,95414,10,Debit Card,Returned
ORD-00432,2026-06-18,CUST-9303,Michael Graves,Sahiwal,Electronics,Smartphone,1,121559,20,Credit Card,Returned
ORD-00433,2025-09-28,CUST-5087,Katie Martinez,,Electronics,Smartphone,2,92619,0,Bank Transfer,Delivered
ORD-00434,2025-10-09,CUST-9275,Cynthia Snyder,,Home and Kitchen,Cookware Set,3,20070,10,Cash on Delivery,Cancelled
ORD-00435,2025-12-10,CUST-8308,Jackie Lara,Islamabad,Electronics,Smartphone,3,168132,15,Bank Transfer,Shipped
ORD-00436,2026-02-22,CUST-2480,Stephen Jones,Faisalabad,Home and Kitchen,Table Lamp,2,8862,5,Cash on Delivery,Processing
ORD-00437,2025-12-24,CUST-4688,Dr. Kelly Hammond DVM,Rawalpindi,Electronics,Smartphone,5,96182,0,Debit Card,Cancelled
ORD-00438,2025-08-20,CUST-3837,Evan Jones,Gujranwala,Books,Python Programming,1,3441,0,Cash on Delivery,Delivered
ORD-00439,2026-01-19,CUST-6713,Haley Humphrey,Peshawar,Home and Kitchen,Table Lamp,3,5471,10,Debit Card,Delivered
ORD-00440,2026-05-22,CUST-2676,Laurie Saunders,Lahore,Books,Machine Learning Book,5,7608,10,Digital Wallet,Cancelled
ORD-00441,2025-09-11,CUST-8892,Thomas Brown,Karachi,Home and Kitchen,Table Lamp,3,7606,0,Debit Card,Delivered
ORD-00442,2025-09-09,CUST-5895,Elizabeth Martin,Rawalpindi,Home and Kitchen,Table Lamp,3,7374,20,Credit Card,Shipped
ORD-00443,2026-07-21,CUST-6236,Hannah Everett,Islamabad,Clothing,T-Shirt,5,2855,20,Cash on Delivery,Cancelled
ORD-00444,2026-07-05,CUST-7361,Blake Gonzalez,Lahore,Books,Machine Learning Book,3,5928,10,Digital Wallet,Cancelled
ORD-00445,2026-02-21,CUST-8794,Mario Mendez,Multan,Clothing,Jacket,2,12759,20,Digital Wallet,Delivered
ORD-00446,2025-08-28,CUST-3096,Caroline David,Faisalabad,Clothing,Jeans,3,3299,10,Digital Wallet,Returned
ORD-00447,2025-09-20,CUST-4659,Marcus Winters,Faisalabad,Clothing,Jacket,1,7641,5,Bank Transfer,Returned
ORD-00448,2025-12-01,CUST-8598,Kristy Bryan,Karachi,Home and Kitchen,Table Lamp,3,6796,5,Bank Transfer,Delivered
ORD-00449,2025-08-03,CUST-7253,Travis Wise,Quetta,Electronics,Smart Watch,2,37799,0,Debit Card,Processing
ORD-00450,2025-11-02,CUST-7704,Pamela Butler,Gujranwala,Electronics,Smartphone,2,92506,5,Bank Transfer,Delivered
ORD-00451,2026-03-28,CUST-3897,Stephen Gardner,Multan,Home and Kitchen,Cookware Set,1,23977,5,Cash on Delivery,Delivered
ORD-00452,2026-03-29,CUST-3595,Karen Ballard,,Books,Machine Learning Book,2,3881,15,Cash on Delivery,Delivered
ORD-00453,2026-04-15,CUST-7280,Jesse Barker,Lahore,Books,Business Analytics Book,4,5314,10,Cash on Delivery,Shipped
ORD-00454,2025-09-22,CUST-4122,John Harris,Lahore,Clothing,Jacket,1,9279,15,Cash on Delivery,Cancelled
ORD-00455,2026-03-15,CUST-2682,Scott Flores,Sahiwal,Clothing,Jeans,3,5056,0,Digital Wallet,Shipped
ORD-00456,2026-06-22,CUST-5764,James Hodges,Peshawar,Home and Kitchen,Cookware Set,1,9498,5,Digital Wallet,Shipped
ORD-00457,2026-02-07,CUST-6885,Emma Owens,Rawalpindi,Home and Kitchen,Coffee Maker,2,18230,10,Credit Card,Returned
ORD-00458,2025-11-03,CUST-3149,Charles Williams,Rawalpindi,Books,Python Programming,2,2418,20,Cash on Delivery,Shipped
ORD-00459,2025-12-19,CUST-5190,Jennifer Estes,Quetta,Clothing,T-Shirt,3,1353,10,Digital Wallet,Delivered
ORD-00460,2026-07-08,CUST-2897,Garrett Lane,Sahiwal,Electronics,Laptop,1,126322,20,Bank Transfer,Processing
ORD-00461,2025-11-21,CUST-4366,Christopher Ferrell,Lahore,Electronics,Headphones,4,24998,0,Debit Card,Processing
ORD-00462,2026-01-20,CUST-3247,Mr. Alexander Landry MD,Sahiwal,Electronics,Headphones,5,21845,20,Cash on Delivery,Shipped
ORD-00463,2025-10-24,CUST-4254,Harry Williams,Gujranwala,Electronics,Headphones,1,5482,10,Credit Card,Returned
ORD-00464,2026-01-31,CUST-3627,Sarah Chambers,Lahore,Home and Kitchen,Cookware Set,3,21426,5,Digital Wallet,Processing
ORD-00465,2025-11-10,CUST-1208,Sarah Jordan,Karachi,Clothing,Shoes,3,6842,0,Cash on Delivery,Returned
ORD-00466,2026-06-30,CUST-2659,Jacob Powell,Faisalabad,Books,Data Science Book,1,6191,0,Credit Card,Processing
ORD-00467,2025-08-09,CUST-3862,Kelly Lee,Lahore,Home and Kitchen,Table Lamp,4,2410,0,Debit Card,Delivered
ORD-00468,2026-02-22,CUST-1158,James Cole,Islamabad,Home and Kitchen,Coffee Maker,1,10112,0,Credit Card,Delivered
ORD-00469,2026-02-21,CUST-2522,William Becker,Multan,Home and Kitchen,Coffee Maker,5,15791,20,Debit Card,Delivered
ORD-00470,2025-09-07,CUST-7319,Brent Brooks,Peshawar,Electronics,Smart Watch,4,34919,5,Bank Transfer,Cancelled
ORD-00471,2025-12-01,CUST-2699,Holly Thomas,Sahiwal,Clothing,T-Shirt,2,1440,0,Digital Wallet,Processing
ORD-00472,2026-03-13,CUST-1472,Kathryn Williams,Islamabad,Books,Data Science Book,5,5110,5,Bank Transfer,Processing
ORD-00473,2025-09-14,CUST-5286,Regina Stone,Multan,Electronics,Smart Watch,4,8012,0,Cash on Delivery,Cancelled
ORD-00474,2025-09-18,CUST-2560,Kaylee Murphy,Sahiwal,Clothing,Jacket,5,12570,20,Credit Card,Processing
ORD-00475,2026-03-18,CUST-3571,James Jensen,Quetta,Home and Kitchen,Coffee Maker,2,8788,0,Bank Transfer,Returned
ORD-00476,2026-06-15,CUST-4946,George Clayton,Multan,Books,Data Science Book,1,6027,5,Debit Card,Delivered
ORD-00477,2026-02-14,CUST-2291,Justin Wells Jr.,Peshawar,Clothing,Shoes,4,16387,0,Bank Transfer,Returned
ORD-00478,2025-11-28,CUST-2944,Veronica Silva,Peshawar,Books,Python Programming,4,3331,5,Cash on Delivery,Delivered
ORD-00479,2026-05-28,CUST-5990,Shelby Soto,Quetta,Books,Business Analytics Book,1,1801,0,Digital Wallet,Delivered
ORD-00480,2026-03-11,CUST-8445,Walter Patton,Multan,Books,Machine Learning Book,3,2944,0,Digital Wallet,Returned
ORD-00481,2026-05-20,CUST-4633,Crystal Williams,Lahore,Books,Machine Learning Book,4,3434,0,Debit Card,Delivered
ORD-00482,2026-01-25,CUST-9067,Mark Harvey,Islamabad,Home and Kitchen,Table Lamp,1,2375,0,Bank Transfer,Delivered
ORD-00483,2026-06-14,CUST-4532,Roberto Allen,Peshawar,Home and Kitchen,Cookware Set,2,11956,10,Credit Card,Cancelled
ORD-00484,2026-03-02,CUST-3018,Ashley Smith,Peshawar,Home and Kitchen,Blender,4,5761,20,Bank Transfer,Cancelled
ORD-00485,2025-11-21,CUST-1795,Jason Harris,Quetta,Clothing,Shoes,1,11689,20,Bank Transfer,Returned
ORD-00486,2026-02-02,CUST-3103,Tami Salas,Karachi,Books,Data Science Book,5,3422,20,Bank Transfer,Cancelled
ORD-00487,2026-05-04,CUST-7518,Michele Stone,Multan,Home and Kitchen,Coffee Maker,4,15134,5,Debit Card,Processing
ORD-00488,2026-02-25,CUST-9975,Matthew Fox,Multan,Clothing,Jeans,4,6696,5,Digital Wallet,Cancelled
ORD-00489,2025-11-21,CUST-6657,Julia Patel,Islamabad,Clothing,Jeans,2,4880,20,Credit Card,Shipped
ORD-00490,2026-02-20,CUST-7839,Raymond Le,Quetta,Home and Kitchen,Blender,3,14212,10,Debit Card,Returned
ORD-00491,2026-03-29,CUST-7240,Deborah Washington,Islamabad,Books,Python Programming,5,1936,0,Cash on Delivery,Cancelled
ORD-00492,2025-10-26,CUST-5105,Edwin David,Islamabad,Electronics,Smartphone,3,82188,5,Cash on Delivery,Cancelled
ORD-00493,2025-11-15,CUST-8415,Michele Vaughn,Karachi,Home and Kitchen,Cookware Set,5,9058,5,Digital Wallet,Returned
ORD-00494,2026-01-28,CUST-5712,Gregory Peck,Lahore,Clothing,Shoes,2,11370,20,Bank Transfer,Processing
ORD-00495,2026-05-27,CUST-5117,Donna Berry,Rawalpindi,Books,Machine Learning Book,5,2940,0,Digital Wallet,Returned
ORD-00496,2026-02-18,CUST-4218,William Cardenas,Rawalpindi,Books,Data Science Book,3,6477,20,Debit Card,Processing
ORD-00497,2026-05-19,CUST-9418,Donna Roberts,Karachi,Clothing,T-Shirt,2,1911,20,Bank Transfer,Delivered
ORD-00498,2026-04-26,CUST-3636,Thomas Douglas,Gujranwala,Books,Machine Learning Book,5,4664,0,Debit Card,Delivered
ORD-00499,2026-05-09,CUST-6285,Dale Ryan,Gujranwala,Home and Kitchen,Coffee Maker,2,8308,0,Cash on Delivery,Returned
ORD-00500,2026-07-20,CUST-6207,Denise Rodriguez,Quetta,Home and Kitchen,Coffee Maker,5,18733,0,Credit Card,Delivered
ORD-00501,2026-05-06,CUST-6724,Dana Santiago,Rawalpindi,Electronics,Smartphone,4,145753,0,Credit Card,Cancelled
ORD-00502,2026-02-14,CUST-9691,David Garcia,Peshawar,Home and Kitchen,Table Lamp,3,4404,0,Digital Wallet,Returned
ORD-00503,2025-11-28,CUST-4994,Ashlee Townsend,Lahore,Electronics,Laptop,3,178414,0,Debit Card,Processing
ORD-00504,2025-07-25,CUST-5633,Vanessa Moore,Lahore,Electronics,Smart Watch,3,40404,20,Digital Wallet,Returned
ORD-00505,2026-04-02,CUST-4154,Sherry Woods,Multan,Home and Kitchen,Coffee Maker,4,8436,5,Digital Wallet,Delivered
ORD-00506,2025-10-08,CUST-2072,Donna Mitchell,Rawalpindi,Electronics,Smartphone,5,179776,0,Credit Card,Returned
ORD-00507,2025-08-14,CUST-8130,Ann Andrews,Karachi,Books,Python Programming,2,3702,20,Credit Card,Delivered
ORD-00508,2026-02-15,CUST-1889,Sarah Johnson,Islamabad,Books,Machine Learning Book,1,3216,0,Debit Card,Shipped
ORD-00509,2026-07-15,CUST-8391,Stephen Thompson,Sahiwal,Electronics,Smartphone,3,146858,10,Bank Transfer,Delivered
ORD-00510,2026-07-15,CUST-2036,Russell French,Gujranwala,Electronics,Smart Watch,1,40050,0,Cash on Delivery,Cancelled
ORD-00511,2025-10-03,CUST-5937,Tonya Howe,Gujranwala,Electronics,Headphones,5,5477,5,Cash on Delivery,Delivered
ORD-00512,2026-06-28,CUST-3561,Edwin Morrison,Quetta,Books,Business Analytics Book,4,2052,10,Credit Card,Delivered
ORD-00513,2026-07-18,CUST-7113,Mrs. Virginia Daniels,Lahore,Books,Machine Learning Book,2,4941,20,Digital Wallet,Returned
ORD-00514,2026-01-30,CUST-7456,Brandi Gordon,Quetta,Clothing,T-Shirt,1,1220,15,Digital Wallet,Delivered
ORD-00515,2025-11-05,CUST-9397,Brian Martin,Islamabad,Home and Kitchen,Cookware Set,3,14938,10,Credit Card,Delivered
ORD-00516,2026-01-17,CUST-1891,Michelle Smith,Quetta,Clothing,Jacket,2,5877,0,Bank Transfer,Cancelled
ORD-00517,2025-11-30,CUST-4234,Laura Todd,Gujranwala,Electronics,Headphones,1,10214,0,Bank Transfer,Delivered
ORD-00518,2025-09-29,CUST-2143,Margaret Sullivan,Rawalpindi,Home and Kitchen,Cookware Set,2,11278,5,Debit Card,Processing
ORD-00519,2026-01-05,CUST-3496,Angie Caldwell,Gujranwala,Books,Machine Learning Book,5,7901,5,Digital Wallet,Delivered
ORD-00520,2025-10-02,CUST-5033,Mrs. Taylor Smith,Rawalpindi,Home and Kitchen,Coffee Maker,2,7158,5,Bank Transfer,Delivered
ORD-00521,2025-12-18,CUST-8296,Paul Finley,Multan,Home and Kitchen,Cookware Set,3,23727,10,Debit Card,Processing
ORD-00522,2025-11-17,CUST-3293,Laura Green,Quetta,Electronics,Smartphone,5,61488,5,Credit Card,Delivered
ORD-00523,2025-12-09,CUST-1511,Amy Wilson,Gujranwala,Electronics,Laptop,1,231357,15,Digital Wallet,Processing
ORD-00524,2025-11-19,CUST-9842,Michael Leblanc,Peshawar,Clothing,T-Shirt,5,2267,15,Credit Card,Delivered
ORD-00525,2026-07-02,CUST-8613,Emily Wilson,Quetta,Books,Data Science Book,5,4383,0,Digital Wallet,Delivered
ORD-00526,2026-07-13,CUST-4913,Holly Walker,Gujranwala,Books,Machine Learning Book,5,2586,20,Credit Card,Returned
ORD-00527,2025-09-12,CUST-3395,Jesse Zhang,Peshawar,Clothing,Shoes,2,5935,15,Debit Card,Delivered
ORD-00528,2025-12-15,CUST-7052,Joshua Ruiz,Rawalpindi,Clothing,Shoes,2,4029,5,Cash on Delivery,Cancelled
ORD-00529,2026-02-16,CUST-1760,Samantha Gill,Lahore,Clothing,Jacket,4,11695,10,Debit Card,Delivered
ORD-00530,2026-04-13,CUST-3848,Shelley Miller,Sahiwal,Home and Kitchen,Table Lamp,5,6459,15,Bank Transfer,Delivered
ORD-00531,2026-01-12,CUST-7649,Heidi Stark,Multan,Electronics,Headphones,4,9303,15,Debit Card,Processing
ORD-00532,2025-09-04,CUST-3713,Joshua Wagner,Rawalpindi,Books,Python Programming,5,2069,10,Cash on Delivery,Shipped
ORD-00533,2026-03-02,CUST-6934,Carmen Bond,Gujranwala,Home and Kitchen,Cookware Set,2,14124,0,Cash on Delivery,Cancelled
ORD-00534,2026-01-10,CUST-8889,Daniel Aguilar,Peshawar,Clothing,Shoes,3,14800,0,Bank Transfer,Delivered
ORD-00535,2025-08-27,CUST-3095,Jill Brown,Gujranwala,Clothing,Shoes,1,6992,0,Digital Wallet,Delivered
ORD-00536,2025-09-12,CUST-3725,Joyce Brown,Faisalabad,Clothing,T-Shirt,5,1801,0,Credit Card,Shipped
ORD-00537,2026-01-18,CUST-8359,Elizabeth Johnson,Gujranwala,Books,Python Programming,3,1851,0,Bank Transfer,Returned
ORD-00538,2025-10-29,CUST-3338,Nichole Lane,Gujranwala,Books,Data Science Book,2,5365,15,Credit Card,Shipped
ORD-00539,2025-08-09,CUST-2127,Michael Weaver,Rawalpindi,Home and Kitchen,Cookware Set,3,22859,15,Bank Transfer,Processing
ORD-00540,2025-08-15,CUST-9263,Andrea Peck,Sahiwal,Clothing,T-Shirt,1,2028,15,Credit Card,Shipped
ORD-00541,2025-08-04,CUST-9246,Christopher Taylor,Karachi,Electronics,Smartphone,4,50233,15,Cash on Delivery,Processing
ORD-00542,2026-03-29,CUST-7068,Maria Fisher,Lahore,Clothing,T-Shirt,4,3338,10,Digital Wallet,Processing
ORD-00543,2026-07-04,CUST-2600,Sergio Knox,Sahiwal,Clothing,Shoes,4,8742,15,Credit Card,Delivered
ORD-00544,2025-12-15,CUST-9908,Victor Baxter,Sahiwal,Books,Data Science Book,1,4320,15,Debit Card,Delivered
ORD-00545,2025-09-12,CUST-9515,Hannah White,Lahore,Electronics,Laptop,5,188490,0,Bank Transfer,Cancelled
ORD-00546,2026-02-16,CUST-3535,Cameron Irwin,Sahiwal,Clothing,Jacket,4,9935,0,Digital Wallet,Delivered
ORD-00547,2026-06-12,CUST-5514,Alexander Evans,Sahiwal,Home and Kitchen,Coffee Maker,5,18981,15,Credit Card,Processing
ORD-00548,2026-04-10,CUST-6024,Jessica Gray,Gujranwala,Books,Data Science Book,3,5962,5,Debit Card,Returned
ORD-00549,2025-10-20,CUST-3650,Gregory Hill,Karachi,Books,Data Science Book,1,3882,10,Credit Card,Shipped
ORD-00550,2026-07-22,CUST-1852,Pamela Johnson,Islamabad,Books,Machine Learning Book,5,7530,20,Bank Transfer,Cancelled
ORD-00551,2026-04-05,CUST-8133,Ralph Stephenson,Karachi,Electronics,Laptop,2,181822,15,Cash on Delivery,Delivered
ORD-00552,2025-07-29,CUST-7296,Austin Wheeler,Sahiwal,Clothing,Jacket,1,13978,0,Digital Wallet,Cancelled
ORD-00553,2026-01-12,CUST-8192,Michele Williams,Lahore,Home and Kitchen,Blender,2,15490,10,Credit Card,Returned
ORD-00554,2026-05-06,CUST-9451,Jeffrey Fernandez,Rawalpindi,Home and Kitchen,Cookware Set,1,27644,15,Digital Wallet,Delivered
ORD-00555,2026-05-11,CUST-3579,Amy Gordon,Karachi,Electronics,Headphones,2,23463,0,Debit Card,Returned
ORD-00556,2025-11-12,CUST-4281,Thomas Johnston,Quetta,Books,Machine Learning Book,4,5821,15,Cash on Delivery,Cancelled
ORD-00557,2026-03-04,CUST-6703,Megan Flores,Multan,Electronics,Laptop,5,157289,20,Debit Card,Delivered
ORD-00558,2025-11-17,CUST-5277,Victoria Boyd,Islamabad,Clothing,Shoes,4,12419,0,Bank Transfer,Shipped
ORD-00559,2025-12-30,CUST-2917,Antonio Fry,Quetta,Electronics,Laptop,5,158568,5,Debit Card,Shipped
ORD-00560,2026-06-29,CUST-6565,Casey Shelton,Peshawar,Home and Kitchen,Coffee Maker,4,22847,0,Bank Transfer,Shipped
ORD-00561,2026-02-23,CUST-7269,William David DDS,Rawalpindi,Electronics,Smart Watch,1,21896,0,Credit Card,Returned
ORD-00562,2026-05-24,CUST-1159,Melissa Russell,Faisalabad,Home and Kitchen,Coffee Maker,3,23924,15,Credit Card,Delivered
ORD-00563,2025-11-16,CUST-3924,Paul Wells,Peshawar,Electronics,Smart Watch,3,9982,15,Debit Card,Delivered
ORD-00564,2026-06-17,CUST-4271,Scott Thomas,Rawalpindi,Clothing,Jacket,2,7115,10,Credit Card,Returned
ORD-00565,2026-01-18,CUST-6833,Kristina Faulkner,Islamabad,Home and Kitchen,Cookware Set,2,14644,0,Cash on Delivery,Delivered
ORD-00566,2026-02-24,CUST-1692,Jasmine Scott,Peshawar,Electronics,Smart Watch,5,5434,15,Debit Card,Shipped
ORD-00567,2025-11-28,CUST-3996,Tammy Boone,Quetta,Home and Kitchen,Coffee Maker,5,16002,10,Debit Card,Processing
ORD-00568,2025-08-27,CUST-8836,Sandra Williams,Quetta,Clothing,Jeans,1,6806,10,Cash on Delivery,Shipped
ORD-00569,2025-12-16,CUST-9490,Lindsey Russo,Peshawar,Home and Kitchen,Coffee Maker,2,21981,0,Debit Card,Cancelled
ORD-00570,2025-10-04,CUST-2650,Laurie Powers,Multan,Electronics,Laptop,2,169732,15,Debit Card,Shipped
ORD-00571,2025-10-15,CUST-5413,Sean Cook,Peshawar,Home and Kitchen,Cookware Set,5,16613,0,Digital Wallet,Delivered
ORD-00572,2026-07-11,CUST-7866,Timothy Hayden,Multan,Home and Kitchen,Cookware Set,4,21891,0,Debit Card,Returned
ORD-00573,2025-09-06,CUST-3148,Nicole Rocha,Gujranwala,Books,Machine Learning Book,4,3973,15,Credit Card,Returned
ORD-00574,2026-04-19,CUST-7240,Christine Herman,Rawalpindi,Electronics,Headphones,2,20197,10,Credit Card,Returned
ORD-00575,2026-02-22,CUST-9185,Douglas Owens,Islamabad,Clothing,Shoes,1,5893,10,Digital Wallet,Shipped
ORD-00576,2026-03-31,CUST-1781,Dennis Hunt,Sahiwal,Home and Kitchen,Coffee Maker,3,15223,15,Cash on Delivery,Cancelled
ORD-00577,2026-02-01,CUST-2577,Robert Bowen,Peshawar,Clothing,T-Shirt,2,2241,10,Debit Card,Delivered
ORD-00578,2026-05-14,CUST-6638,Suzanne Wood,Lahore,Home and Kitchen,Table Lamp,5,6566,5,Bank Transfer,Delivered
ORD-00579,2025-12-30,CUST-9821,Sean Figueroa,Islamabad,Home and Kitchen,Cookware Set,5,26870,20,Debit Card,Delivered
ORD-00580,2025-07-29,CUST-5694,Timothy Riley,Peshawar,Home and Kitchen,Coffee Maker,4,9569,10,Credit Card,Returned
ORD-00581,2026-01-01,CUST-7631,Craig Hall,Karachi,Clothing,Jacket,4,14342,15,Cash on Delivery,Delivered
ORD-00582,2026-03-01,CUST-5773,Kathryn Pena,Faisalabad,Home and Kitchen,Cookware Set,3,18383,20,Digital Wallet,Cancelled
ORD-00583,2026-04-14,CUST-9535,Phillip Burns,Peshawar,Books,Machine Learning Book,4,5475,20,Bank Transfer,Delivered
ORD-00584,2026-04-30,CUST-5122,Katherine Jackson,Karachi,Clothing,T-Shirt,2,2161,20,Credit Card,Delivered
ORD-00585,2026-05-27,CUST-9985,Charles Payne,Lahore,Books,Python Programming,1,1761,10,Cash on Delivery,Returned
ORD-00586,2025-10-02,CUST-3544,Kimberly May,Karachi,Books,Python Programming,1,2575,15,Bank Transfer,Delivered
ORD-00587,2025-08-14,CUST-3071,Sara Jones,Islamabad,Clothing,Jeans,3,6130,20,Digital Wallet,Returned
ORD-00588,2026-06-05,CUST-8801,Pamela Gutierrez,Peshawar,Clothing,T-Shirt,1,2661,5,Digital Wallet,Delivered
ORD-00589,2026-06-15,CUST-8480,Andrea Hernandez,Gujranwala,Books,Data Science Book,5,3450,15,Bank Transfer,Shipped
ORD-00590,2025-10-15,CUST-2467,Jacqueline Williamson,Peshawar,Home and Kitchen,Table Lamp,4,6420,0,Debit Card,Delivered
ORD-00591,2026-04-07,CUST-1001,Susan Hopkins,Quetta,Books,Machine Learning Book,2,4986,0,Credit Card,Delivered
ORD-00592,2025-07-29,CUST-9059,Juan Smith,Peshawar,Home and Kitchen,Coffee Maker,5,7272,20,Debit Card,Delivered
ORD-00593,2026-02-13,CUST-9981,Kimberly Mitchell,Multan,Books,Machine Learning Book,5,4394,0,Credit Card,Processing
ORD-00594,2026-02-03,CUST-7385,Megan Drake,Sahiwal,Books,Business Analytics Book,2,3137,20,Credit Card,Delivered
ORD-00595,2026-07-11,CUST-5454,Thomas Warren,Faisalabad,Electronics,Smart Watch,2,38856,15,Digital Wallet,Returned
ORD-00596,2025-10-24,CUST-3238,Joseph Ochoa,Faisalabad,Home and Kitchen,Coffee Maker,2,9243,0,Cash on Delivery,Cancelled
ORD-00597,2025-11-03,CUST-6253,Angela Chung,Lahore,Books,Business Analytics Book,3,5830,0,Credit Card,Delivered
ORD-00598,2026-01-17,CUST-3048,Wanda Perez,Peshawar,Electronics,Smartphone,1,113954,5,Cash on Delivery,Delivered
ORD-00599,2026-04-14,CUST-6601,Angela Frey,Sahiwal,Electronics,Smartphone,1,169388,0,Debit Card,Returned
ORD-00600,2026-04-01,CUST-2314,Anna Gray,Islamabad,Books,Machine Learning Book,4,2759,5,Cash on Delivery,Delivered
ORD-00601,2026-02-22,CUST-4148,Mark Warner,Faisalabad,Books,Python Programming,5,3425,0,Bank Transfer,Returned
ORD-00602,2025-08-24,CUST-5049,Mr. Richard Knight PhD,Lahore,Electronics,Laptop,2,170436,10,Credit Card,Processing
ORD-00603,2025-08-29,CUST-6113,Tamara Hall,Multan,Electronics,Smartphone,4,142006,20,Credit Card,Cancelled
ORD-00604,2026-07-08,CUST-5895,Stacy Alvarez,Rawalpindi,Electronics,Laptop,3,183075,20,Debit Card,Delivered
ORD-00605,2025-08-10,CUST-1246,Melinda Ramirez,Islamabad,Clothing,T-Shirt,2,2978,5,Debit Card,Shipped
ORD-00606,2026-02-18,CUST-8786,Amanda Mcfarland,Gujranwala,Electronics,Smart Watch,2,5585,0,Credit Card,Delivered
ORD-00607,2025-11-22,CUST-6544,Daniel Thomas,Lahore,Electronics,Smartphone,2,171050,0,Cash on Delivery,Delivered
ORD-00608,2026-06-06,CUST-6189,Jennifer Jones,,Clothing,T-Shirt,2,3198,0,Debit Card,Returned
ORD-00609,2025-09-24,CUST-3207,Lacey Atkinson,Faisalabad,Books,Data Science Book,1,5094,5,Cash on Delivery,Processing
ORD-00610,2026-04-11,CUST-4057,Evelyn Campos,Quetta,Books,Machine Learning Book,5,6514,0,Debit Card,Delivered
ORD-00611,2025-09-15,CUST-2128,Melissa Miller,Quetta,Books,Machine Learning Book,5,7042,0,Credit Card,Processing
ORD-00612,2026-05-08,CUST-1011,Amy Kim,Quetta,Home and Kitchen,Table Lamp,5,5007,10,Bank Transfer,Cancelled
ORD-00613,2026-06-13,CUST-4912,Larry Austin,Multan,Clothing,T-Shirt,5,2691,15,Cash on Delivery,Cancelled
ORD-00614,2026-03-11,CUST-3525,Raymond Johnson,Gujranwala,Books,Data Science Book,5,6075,15,Debit Card,Delivered
ORD-00615,2025-11-06,CUST-2092,Joanne Perez,Lahore,Books,Machine Learning Book,1,3288,15,Credit Card,Delivered
ORD-00616,2026-02-22,CUST-2617,Jessica Frazier,Lahore,Electronics,Smartphone,1,167236,0,Digital Wallet,Cancelled
ORD-00617,2026-04-05,CUST-7002,Raymond Phillips,Rawalpindi,Books,Business Analytics Book,5,3896,0,Digital Wallet,Cancelled
ORD-00618,2025-10-26,CUST-2310,Angela Moore,Peshawar,Electronics,Laptop,2,205950,10,Cash on Delivery,Delivered
ORD-00619,2026-04-25,CUST-9667,Brittany Price,Lahore,Books,Machine Learning Book,1,7553,5,Cash on Delivery,Returned
ORD-00620,2025-12-10,CUST-2658,Aaron Parker,Rawalpindi,Home and Kitchen,Blender,2,13511,0,Digital Wallet,Processing
ORD-00621,2025-12-09,CUST-3931,Ashley Miller,Quetta,Clothing,Jeans,5,4537,15,Digital Wallet,Processing
ORD-00622,2026-01-06,CUST-2705,Justin Russell,Islamabad,Electronics,Headphones,4,23798,10,Credit Card,Shipped
ORD-00623,2025-08-02,CUST-8258,Julian Carlson,Multan,Books,Machine Learning Book,2,6873,15,Debit Card,Shipped
ORD-00624,2026-05-23,CUST-8054,James Carter,Multan,Home and Kitchen,Table Lamp,4,8260,20,Digital Wallet,Delivered
ORD-00625,2025-12-20,CUST-6898,Misty Hansen,Peshawar,Clothing,Shoes,5,15199,5,Bank Transfer,Processing
ORD-00626,2025-10-25,CUST-9480,Carolyn James,Islamabad,Electronics,Laptop,3,198087,0,Debit Card,Delivered
ORD-00627,2025-09-14,CUST-5521,Derrick Thomas,Quetta,Home and Kitchen,Cookware Set,2,18318,0,Digital Wallet,Shipped
ORD-00628,2025-09-25,CUST-3557,Jason Washington,Islamabad,Clothing,T-Shirt,1,3085,5,Debit Card,Delivered
ORD-00629,2025-08-21,CUST-7550,Tony Le,Gujranwala,Clothing,Jeans,3,4960,0,Credit Card,Cancelled
ORD-00630,2026-01-31,CUST-2562,Christina Rodriguez,Gujranwala,Electronics,Headphones,4,7665,10,Debit Card,Delivered
ORD-00631,2025-11-18,CUST-6700,James Skinner,Sahiwal,Books,Python Programming,1,4657,5,Bank Transfer,Returned
ORD-00632,2025-12-17,CUST-7266,Erin Cook,Lahore,Electronics,Smartphone,5,42997,20,Debit Card,Shipped
ORD-00633,2026-06-04,CUST-6354,Marilyn Wheeler,Quetta,Electronics,Headphones,5,20511,0,Credit Card,Delivered
ORD-00634,2025-11-16,CUST-9269,Travis Harris,Karachi,Electronics,Smart Watch,4,44002,15,Credit Card,Processing
ORD-00635,2025-11-22,CUST-2352,James Flores,Peshawar,Home and Kitchen,Coffee Maker,2,11331,5,Digital Wallet,Cancelled
ORD-00636,2026-05-04,CUST-9221,Katherine Johnston,Sahiwal,Electronics,Smart Watch,3,10575,10,Credit Card,Returned
ORD-00637,2025-10-25,CUST-7476,Douglas Hartman,Gujranwala,Clothing,Shoes,5,6245,10,Credit Card,Shipped
ORD-00638,2025-12-11,CUST-6298,Justin Vargas,Gujranwala,Clothing,Jeans,1,4681,10,Cash on Delivery,Delivered
ORD-00639,2026-02-19,CUST-6254,Randall Johnson,Multan,Books,Business Analytics Book,3,4653,0,Digital Wallet,Cancelled
ORD-00640,2026-05-01,CUST-8245,Michael Gonzales,Gujranwala,Electronics,Headphones,2,13459,15,Credit Card,Processing
ORD-00641,2025-11-13,CUST-2405,Andrea Abbott,Karachi,Electronics,Smartphone,2,137994,0,Cash on Delivery,Delivered
ORD-00642,2026-05-27,CUST-2823,Jonathan Schultz,Faisalabad,Clothing,Jacket,1,9624,20,Bank Transfer,Processing
ORD-00643,2025-10-24,CUST-4339,Christian Henderson,Quetta,Electronics,Headphones,2,19629,0,Digital Wallet,Returned
ORD-00644,2025-12-16,CUST-1301,William Mendoza,Sahiwal,Home and Kitchen,Coffee Maker,5,11631,20,Digital Wallet,Cancelled
ORD-00645,2025-12-25,CUST-4288,Tammy Kane,Gujranwala,Electronics,Headphones,2,3969,5,Debit Card,Delivered
ORD-00646,2026-01-01,CUST-5445,Rachel Ward,Multan,Books,Python Programming,1,3091,20,Cash on Delivery,Delivered
ORD-00647,2026-07-05,CUST-2631,Linda Rocha,Multan,Home and Kitchen,Coffee Maker,2,19474,15,Bank Transfer,Returned
ORD-00648,2025-09-03,CUST-1352,Mary Kelly,Lahore,Electronics,Smartphone,2,171242,10,Credit Card,Shipped
ORD-00649,2026-03-31,CUST-3572,Kristine Newman,Lahore,Home and Kitchen,Table Lamp,4,5222,20,Debit Card,Cancelled
ORD-00650,2026-03-31,CUST-5519,Paul Sheppard,Lahore,Home and Kitchen,Table Lamp,3,3934,15,Debit Card,Processing
ORD-00651,2026-01-06,CUST-7436,Brett Walker,Islamabad,Electronics,Headphones,2,6971,5,Cash on Delivery,Cancelled
ORD-00652,2026-05-09,CUST-3502,Lauren Johnston,Sahiwal,Books,Data Science Book,4,3969,15,Debit Card,Shipped
ORD-00653,2026-01-12,CUST-3270,Joel Frazier,Gujranwala,Home and Kitchen,Coffee Maker,5,11317,0,Digital Wallet,Cancelled
ORD-00654,2026-04-17,CUST-8046,Haley Johnson,Islamabad,Clothing,Jeans,3,6791,0,Digital Wallet,Delivered
ORD-00655,2025-09-01,CUST-2939,Thomas Miller,Islamabad,Home and Kitchen,Blender,5,13732,20,Debit Card,Returned
ORD-00656,2026-06-10,CUST-5970,Brenda Collins,Peshawar,Clothing,T-Shirt,3,2895,10,Debit Card,Delivered
ORD-00657,2026-01-15,CUST-5372,Kelly Bailey,Gujranwala,Clothing,T-Shirt,2,1956,0,Digital Wallet,Shipped
ORD-00658,2025-08-29,CUST-2302,Michael Flores,Peshawar,Clothing,Jeans,2,2713,5,Credit Card,Shipped
ORD-00659,2025-11-16,CUST-8763,Michael Johnson,Islamabad,Books,Machine Learning Book,2,5674,10,Credit Card,Delivered
ORD-00660,2025-12-03,CUST-7767,Megan Martin,Rawalpindi,Clothing,T-Shirt,4,1261,5,Credit Card,Returned
ORD-00661,2026-05-06,CUST-9027,Christopher Moore,Multan,Clothing,T-Shirt,2,2999,15,Bank Transfer,Delivered
ORD-00662,2026-02-25,CUST-6126,Joel Salinas,Sahiwal,Books,Business Analytics Book,1,4916,20,Digital Wallet,Cancelled
ORD-00663,2026-03-24,CUST-5025,Martin Reynolds,Quetta,Electronics,Laptop,4,179886,0,Digital Wallet,Processing
ORD-00664,2025-08-03,CUST-5770,Sonya Cole,Peshawar,Electronics,Smart Watch,5,8230,0,Bank Transfer,Delivered
ORD-00665,2026-01-05,CUST-1893,Michael Harris,Quetta,Home and Kitchen,Coffee Maker,2,20843,5,Credit Card,Processing
ORD-00666,2026-05-11,CUST-9952,Rebecca Ray,Islamabad,Books,Python Programming,5,1963,0,Bank Transfer,Processing
ORD-00667,2026-05-29,CUST-4308,Chelsea Nguyen,Peshawar,Home and Kitchen,Coffee Maker,1,12861,10,Cash on Delivery,Delivered
ORD-00668,2026-01-16,CUST-8362,Michael Burns,Multan,Home and Kitchen,Cookware Set,1,10988,0,Cash on Delivery,Shipped
ORD-00669,2026-03-28,CUST-3799,James Long,Multan,Books,Data Science Book,4,5117,0,Digital Wallet,Returned
ORD-00670,2025-09-05,CUST-1840,Ryan Williamson,Sahiwal,Clothing,Jeans,2,3965,20,Debit Card,Delivered
ORD-00671,2026-06-04,CUST-4323,Rebecca Sellers,Lahore,Books,Machine Learning Book,2,3463,0,Digital Wallet,Returned
ORD-00672,2026-03-09,CUST-9904,Cesar Wilson,Lahore,Home and Kitchen,Blender,4,13153,10,Digital Wallet,Processing
ORD-00673,2025-11-18,CUST-7719,James Thomas,Peshawar,Clothing,Jeans,5,6397,10,Cash on Delivery,Shipped
ORD-00674,2025-12-20,CUST-4401,Chad Reyes,Lahore,Electronics,Smartphone,5,112905,15,Credit Card,Delivered
ORD-00675,2025-10-03,CUST-5889,Mr. Thomas Arias,Multan,Electronics,Headphones,1,6763,0,Cash on Delivery,Delivered
ORD-00676,2025-09-28,CUST-5659,Katherine Taylor,Gujranwala,Electronics,Smart Watch,2,15573,20,Digital Wallet,Shipped
ORD-00677,2025-11-22,CUST-2525,Lisa Glenn,Faisalabad,Clothing,Shoes,5,8901,0,Debit Card,Delivered
ORD-00678,2025-07-26,CUST-2063,Mr. James Hoffman,Faisalabad,Books,Python Programming,4,4954,15,Bank Transfer,Delivered
ORD-00679,2026-04-02,CUST-9595,Michael Perry PhD,Rawalpindi,Electronics,Headphones,3,19270,10,Credit Card,Shipped
ORD-00680,2026-01-28,CUST-9666,Keith Flynn,Karachi,Electronics,Laptop,5,215646,20,Bank Transfer,Cancelled
ORD-00681,2025-10-16,CUST-9608,Donald Medina,Gujranwala,Home and Kitchen,Coffee Maker,5,17370,5,Digital Wallet,Delivered
ORD-00682,2025-09-26,CUST-9154,Krystal Barton,Peshawar,Clothing,Shoes,5,14946,20,Credit Card,Shipped
ORD-00683,2026-01-31,CUST-1392,Ashley Wilson,Peshawar,Clothing,Jacket,2,4025,0,Cash on Delivery,Cancelled
ORD-00684,2026-05-20,CUST-6728,Wendy Weaver,Quetta,Clothing,Shoes,4,3745,5,Credit Card,Delivered
ORD-00685,2026-05-12,CUST-5919,Nathan Payne,Quetta,Clothing,Jacket,3,5111,5,Digital Wallet,Delivered
ORD-00686,2026-01-04,CUST-1477,Ronald Potter,Islamabad,Electronics,Laptop,3,164742,10,Credit Card,Delivered
ORD-00687,2025-11-15,CUST-3224,Amanda Baker,Peshawar,Home and Kitchen,Coffee Maker,4,8165,20,Credit Card,Cancelled
ORD-00688,2026-06-22,CUST-1917,Jessica Mcknight,Quetta,Books,Machine Learning Book,4,5891,20,Debit Card,Shipped
ORD-00689,2026-05-20,CUST-6434,Christine Rojas,Multan,Home and Kitchen,Blender,2,14460,20,Cash on Delivery,Delivered
ORD-00690,2026-04-16,CUST-9753,Michael Chen,Islamabad,Home and Kitchen,Blender,3,11147,20,Digital Wallet,Shipped
ORD-00691,2025-09-25,CUST-6152,Rachel Li,Lahore,Books,Data Science Book,5,2957,5,Debit Card,Processing
ORD-00692,2026-05-31,CUST-5958,Gregory Campbell,Rawalpindi,Electronics,Smart Watch,2,29352,10,Digital Wallet,Delivered
ORD-00693,2026-02-17,CUST-2517,William Carter,Peshawar,Clothing,T-Shirt,3,1353,0,Digital Wallet,Delivered
ORD-00694,2026-03-02,CUST-9579,Scott Duke,Faisalabad,Books,Data Science Book,2,4786,10,Debit Card,Delivered
ORD-00695,2026-04-12,CUST-7350,Brandy Brady,Quetta,Electronics,Smartphone,2,49582,10,Cash on Delivery,Delivered
ORD-00696,2025-12-29,CUST-8649,Wendy Camacho,Lahore,Home and Kitchen,Blender,5,6426,5,Cash on Delivery,Shipped
ORD-00697,2025-09-10,CUST-4438,Brandi Thomas,Multan,Home and Kitchen,Blender,5,17427,5,Credit Card,Delivered
ORD-00698,2025-11-25,CUST-2927,Pam Lowe,Faisalabad,Home and Kitchen,Table Lamp,5,4614,10,Credit Card,Delivered
ORD-00699,2026-01-29,CUST-9422,Mark Burton,Karachi,Home and Kitchen,Blender,1,15206,15,Credit Card,Shipped
ORD-00700,2025-12-15,CUST-5641,Mark Beard,Gujranwala,Home and Kitchen,Table Lamp,3,3159,20,Credit Card,Delivered
ORD-00701,2025-08-28,CUST-8268,Paul Neal,Lahore,Electronics,Headphones,5,13099,15,Credit Card,Delivered
ORD-00702,2026-06-28,CUST-2410,Travis Murphy,Sahiwal,Books,Python Programming,1,3071,0,Bank Transfer,Delivered
ORD-00703,2025-07-23,CUST-9740,Sarah Davis,Karachi,Books,Machine Learning Book,3,5222,0,Bank Transfer,Shipped
ORD-00704,2026-01-17,CUST-6085,Melissa Horn,Peshawar,Clothing,T-Shirt,4,1598,10,Bank Transfer,Delivered
ORD-00705,2026-05-28,CUST-7423,Claudia Jordan,Islamabad,Clothing,Jeans,5,4613,5,Debit Card,Returned
ORD-00706,2025-10-13,CUST-8787,Frank Campbell MD,Karachi,Home and Kitchen,Coffee Maker,4,7991,0,Debit Card,Processing
ORD-00707,2025-09-11,CUST-3087,Karina Cooper,Quetta,Books,Data Science Book,3,4855,15,Cash on Delivery,Processing
ORD-00708,2026-04-14,CUST-5949,Amber Sims,Quetta,Electronics,Headphones,5,23281,0,Bank Transfer,Processing
ORD-00709,2026-06-12,CUST-3605,Caleb Mathews,Peshawar,Books,Data Science Book,5,3996,15,Bank Transfer,Delivered
ORD-00710,2026-01-10,CUST-6606,William Patterson,Quetta,Home and Kitchen,Cookware Set,5,22127,10,Credit Card,Delivered
ORD-00711,2026-04-16,CUST-8584,Sonia Turner,Multan,Electronics,Smart Watch,1,43808,15,Digital Wallet,Delivered
ORD-00712,2026-06-27,CUST-2781,Denise Pena,Gujranwala,Books,Data Science Book,3,5324,0,Bank Transfer,Delivered
ORD-00713,2025-10-28,CUST-1003,Matthew Banks,,Books,Python Programming,1,2391,0,Credit Card,Processing
ORD-00714,2025-08-12,CUST-4369,Eric Lyons,Multan,Home and Kitchen,Coffee Maker,5,21652,0,Debit Card,Shipped
ORD-00715,2025-10-21,CUST-1133,Brandon Davis,Gujranwala,Home and Kitchen,Coffee Maker,3,9925,15,Digital Wallet,Processing
ORD-00716,2025-10-13,CUST-1870,Casey Perez,Lahore,Clothing,Jacket,1,10049,15,Digital Wallet,Returned
ORD-00717,2026-04-13,CUST-8073,Adam Cooper,Gujranwala,Home and Kitchen,Blender,3,5510,0,Bank Transfer,Cancelled
ORD-00718,2025-09-07,CUST-9931,Jennifer Anderson MD,Rawalpindi,Home and Kitchen,Coffee Maker,4,19503,10,Credit Card,Processing
ORD-00719,2025-12-18,CUST-7835,Robert Garcia,Islamabad,Clothing,Jeans,5,5650,5,Debit Card,Returned
ORD-00720,2025-12-12,CUST-1257,Breanna Ayala,Islamabad,Clothing,Jeans,1,3087,20,Bank Transfer,Cancelled
ORD-00721,2026-05-11,CUST-7813,Margaret Byrd,Peshawar,Books,Data Science Book,1,3124,20,Digital Wallet,Processing
ORD-00722,2025-08-18,CUST-8373,Alejandra Santos,Sahiwal,Clothing,Shoes,5,9948,15,Debit Card,Delivered
ORD-00723,2026-01-09,CUST-9161,Daniel Goodman,Rawalpindi,Clothing,Shoes,5,3121,15,Digital Wallet,Delivered
ORD-00724,2026-07-15,CUST-8917,Michael Heath,Multan,Books,Machine Learning Book,1,2810,15,Cash on Delivery,Shipped
ORD-00725,2025-08-25,CUST-9624,Brenda Martinez,Faisalabad,Books,Python Programming,2,4490,20,Bank Transfer,Shipped
ORD-00726,2026-05-02,CUST-2279,Victor Edwards,Quetta,Electronics,Laptop,2,181925,20,Digital Wallet,Delivered
ORD-00727,2025-09-15,CUST-8438,Matthew Wright,Quetta,Electronics,Headphones,5,2353,10,Bank Transfer,Shipped
ORD-00728,2026-03-13,CUST-3744,Lisa Maxwell,Lahore,Home and Kitchen,Coffee Maker,3,16654,5,Digital Wallet,Cancelled
ORD-00729,2026-04-17,CUST-3770,Ryan Liu,Gujranwala,Home and Kitchen,Table Lamp,1,7155,10,Cash on Delivery,Cancelled
ORD-00730,2025-10-10,CUST-3077,Katrina Adkins,Quetta,Home and Kitchen,Blender,3,12942,0,Cash on Delivery,Returned
ORD-00731,2025-11-14,CUST-5509,Rachel Leon,Faisalabad,Home and Kitchen,Table Lamp,2,7044,5,Cash on Delivery,Cancelled
ORD-00732,2025-10-23,CUST-8317,Brian Porter MD,Multan,Electronics,Smartphone,5,79619,20,Credit Card,Delivered
ORD-00733,2026-02-13,CUST-1542,Alexandria Ward,Multan,Clothing,Shoes,2,16096,15,Cash on Delivery,Delivered
ORD-00734,2025-11-22,CUST-4898,Scott Carroll,Peshawar,Clothing,Shoes,4,15621,10,Credit Card,Delivered
ORD-00735,2025-12-11,CUST-1860,Carrie Ruiz,Islamabad,Home and Kitchen,Blender,3,17377,0,Bank Transfer,Processing
ORD-00736,2026-05-18,CUST-7222,Kevin Smith,Sahiwal,Books,Machine Learning Book,4,6862,0,Bank Transfer,Delivered
ORD-00737,2025-10-14,CUST-7258,Antonio Mccormick,Multan,Clothing,Shoes,1,7731,10,Digital Wallet,Cancelled
ORD-00738,2026-02-04,CUST-8074,Micheal Wang,Gujranwala,Electronics,Laptop,5,203548,5,Debit Card,Delivered
ORD-00739,2026-01-03,CUST-7408,Angela Herrera,Peshawar,Home and Kitchen,Table Lamp,1,4091,20,Credit Card,Cancelled
ORD-00740,2026-03-19,CUST-1173,Bradley Miller,Lahore,Clothing,Jacket,2,9132,15,Cash on Delivery,Delivered
ORD-00741,2026-07-15,CUST-8306,Robert Herrera,Multan,Books,Python Programming,5,1925,20,Credit Card,Cancelled
ORD-00742,2025-12-21,CUST-2506,Pamela Santos,,Home and Kitchen,Table Lamp,2,2278,0,Digital Wallet,Cancelled
ORD-00743,2026-03-29,CUST-3128,Michael Blair,Sahiwal,Clothing,T-Shirt,1,1553,15,Digital Wallet,Returned
ORD-00744,2026-06-16,CUST-8650,David Middleton,Karachi,Clothing,T-Shirt,2,2237,5,Bank Transfer,Delivered
ORD-00745,2025-09-06,CUST-5543,Lee Parker,Lahore,Books,Machine Learning Book,3,3826,0,Bank Transfer,Processing
ORD-00746,2026-05-07,CUST-8218,Casey Smith,Karachi,Home and Kitchen,Blender,3,9336,0,Bank Transfer,Delivered
ORD-00747,2025-09-14,CUST-9857,Carla Benton,Sahiwal,Books,Data Science Book,4,2888,0,Credit Card,Shipped
ORD-00748,2026-02-11,CUST-2194,Samantha Green,Karachi,Electronics,Smart Watch,3,11769,0,Digital Wallet,Cancelled
ORD-00749,2025-12-14,CUST-1014,Richard Adams,Lahore,Home and Kitchen,Coffee Maker,1,23308,0,Bank Transfer,Delivered
ORD-00750,2026-07-02,CUST-9444,Steven Rogers,Peshawar,Clothing,Jacket,4,13414,0,Bank Transfer,Processing
ORD-00751,2026-01-05,CUST-7298,Austin Joseph,Peshawar,Books,Python Programming,5,2425,0,Cash on Delivery,Shipped
ORD-00752,2026-03-03,CUST-2485,Kathleen Dixon,Multan,Home and Kitchen,Table Lamp,3,5281,0,Digital Wallet,Returned
ORD-00753,2025-08-13,CUST-4327,Mr. Jacob Scott Jr.,Islamabad,Home and Kitchen,Blender,4,17459,5,Digital Wallet,Delivered
ORD-00754,2026-03-02,CUST-6886,Ashley Yang,Peshawar,Books,Data Science Book,3,5195,0,Cash on Delivery,Cancelled
ORD-00755,2025-07-23,CUST-1415,Scott Sanchez,Gujranwala,Books,Data Science Book,2,2292,0,Credit Card,Processing
ORD-00756,2026-01-22,CUST-9186,Thomas White,Quetta,Books,Python Programming,5,4135,5,Bank Transfer,Delivered
ORD-00757,2026-06-21,CUST-1701,Robert Klein,Sahiwal,Electronics,Headphones,1,13066,20,Cash on Delivery,Delivered
ORD-00758,2026-04-03,CUST-1604,Frank Butler,Islamabad,Books,Data Science Book,5,3908,0,Bank Transfer,Cancelled
ORD-00759,2026-04-28,CUST-3138,Roger Duncan,Lahore,Electronics,Smart Watch,5,8001,0,Credit Card,Cancelled
ORD-00760,2025-09-07,CUST-3796,Stephanie White,Gujranwala,Electronics,Headphones,1,16948,15,Cash on Delivery,Returned
ORD-00761,2026-05-31,CUST-4613,Amber Morales,Karachi,Electronics,Laptop,4,197984,15,Credit Card,Processing
ORD-00762,2026-06-28,CUST-9943,Douglas Kirk,Islamabad,Home and Kitchen,Coffee Maker,3,10958,20,Debit Card,Returned
ORD-00763,2025-11-27,CUST-2035,Jesus Wood,Karachi,Clothing,T-Shirt,5,1910,5,Debit Card,Delivered
ORD-00764,2025-11-13,CUST-4991,Elizabeth Dean,Gujranwala,Books,Data Science Book,3,3351,10,Cash on Delivery,Delivered
ORD-00765,2026-01-19,CUST-2322,Wesley Cuevas,Lahore,Electronics,Smart Watch,2,6024,10,Cash on Delivery,Delivered
ORD-00766,2026-05-20,CUST-3079,Steven Hodges,Rawalpindi,Electronics,Headphones,4,24724,10,Credit Card,Cancelled
ORD-00767,2025-10-26,CUST-1616,Timothy Johnson,Gujranwala,Home and Kitchen,Coffee Maker,4,14839,0,Credit Card,Cancelled
ORD-00768,2026-02-18,CUST-1074,Ryan Wiley,Quetta,Books,Python Programming,3,2924,10,Credit Card,Delivered
ORD-00769,2025-11-30,CUST-9315,Matthew Sweeney,Rawalpindi,Electronics,Laptop,5,167435,15,Bank Transfer,Returned
ORD-00770,2026-05-01,CUST-3444,Daniel Bird,Peshawar,Clothing,Jacket,1,7173,0,Bank Transfer,Delivered
ORD-00771,2026-01-02,CUST-4433,Anthony Shea DDS,Sahiwal,Clothing,T-Shirt,1,2691,5,Debit Card,Delivered
ORD-00772,2025-08-28,CUST-9804,David Bruce,Islamabad,Books,Python Programming,1,4532,0,Credit Card,Returned
ORD-00773,2025-12-30,CUST-4855,Jacqueline Villegas,Peshawar,Electronics,Smart Watch,5,12606,0,Digital Wallet,Shipped
ORD-00774,2025-08-24,CUST-2804,Kathy Walsh,Multan,Home and Kitchen,Coffee Maker,2,17672,0,Credit Card,Delivered
ORD-00775,2025-12-23,CUST-2204,Keith Graham,Peshawar,Clothing,Shoes,2,9152,0,Digital Wallet,Processing
ORD-00776,2025-09-11,CUST-8454,Dean Edwards,Islamabad,Electronics,Smart Watch,2,19166,15,Bank Transfer,Delivered
ORD-00777,2026-05-30,CUST-5418,Ronnie Nguyen,Rawalpindi,Clothing,Shoes,2,13355,5,Debit Card,Delivered
ORD-00778,2026-01-14,CUST-8627,Benjamin Harris,Peshawar,Electronics,Laptop,3,137891,0,Bank Transfer,Delivered
ORD-00779,2026-05-21,CUST-3784,Ashley Garcia,Gujranwala,Home and Kitchen,Cookware Set,3,27779,0,Digital Wallet,Returned
ORD-00780,2026-01-13,CUST-4546,Jason Herrera,Gujranwala,Clothing,T-Shirt,4,3337,10,Bank Transfer,Returned
ORD-00781,2026-05-18,CUST-5041,Eric Baker,Rawalpindi,Books,Machine Learning Book,1,6007,20,Debit Card,Processing
ORD-00782,2025-09-07,CUST-1724,Robert Torres,Lahore,Clothing,Jeans,5,2541,10,Bank Transfer,Cancelled
ORD-00783,2026-04-22,CUST-2605,Amanda Huff,Peshawar,Electronics,Smart Watch,5,30842,10,Bank Transfer,Delivered
ORD-00784,2025-11-27,CUST-3174,Michael Schmitt,Multan,Electronics,Laptop,4,244509,0,Debit Card,Delivered
ORD-00785,2025-12-23,CUST-3650,Megan Green,Peshawar,Electronics,Laptop,4,207691,5,Digital Wallet,Cancelled
ORD-00786,2025-09-28,CUST-7641,Jared Chavez,Islamabad,Electronics,Smart Watch,4,14084,20,Debit Card,Cancelled
ORD-00787,2026-05-09,CUST-6454,Anna Garcia,Quetta,Books,Python Programming,1,3076,20,Cash on Delivery,Delivered
ORD-00788,2026-05-27,CUST-4393,Adam Greer,Karachi,Books,Machine Learning Book,5,6943,15,Digital Wallet,Delivered
ORD-00789,2025-10-17,CUST-6989,Rodney Watson,Peshawar,Electronics,Headphones,1,5636,10,Digital Wallet,Delivered
ORD-00790,2026-03-24,CUST-2097,Angela Willis,Quetta,Home and Kitchen,Table Lamp,2,7309,15,Credit Card,Delivered
ORD-00791,2026-07-14,CUST-8839,Alison Brown,Gujranwala,Home and Kitchen,Cookware Set,5,11721,20,Credit Card,Returned
ORD-00792,2026-07-08,CUST-7929,Rhonda Davis,Faisalabad,Clothing,Jacket,3,8380,15,Cash on Delivery,Delivered
ORD-00793,2026-06-17,CUST-9629,Erin Williams,Karachi,Home and Kitchen,Table Lamp,4,5983,15,Bank Transfer,Cancelled
ORD-00794,2026-01-18,CUST-2075,Thomas Hamilton,Rawalpindi,Home and Kitchen,Coffee Maker,5,19063,20,Bank Transfer,Delivered
ORD-00795,2026-04-30,CUST-2791,Allen Vega,Islamabad,Electronics,Smart Watch,2,23898,0,Debit Card,Delivered
ORD-00796,2025-09-28,CUST-9530,Terry Hill,Lahore,Clothing,Shoes,2,17335,0,Debit Card,Processing
ORD-00797,2026-01-12,CUST-1351,Amanda Harvey,Faisalabad,Clothing,Shoes,3,9883,10,Credit Card,Delivered
ORD-00798,2025-10-26,CUST-6616,Kathleen Andrade,Multan,Electronics,Smartphone,5,128048,10,Bank Transfer,Shipped
ORD-00799,2026-01-25,CUST-3813,Douglas Taylor,Faisalabad,Books,Business Analytics Book,3,2880,5,Credit Card,Processing
ORD-00800,2025-10-08,CUST-5659,Rebecca Wright,Peshawar,Home and Kitchen,Table Lamp,1,3215,5,Credit Card,Shipped
ORD-00801,2026-05-30,CUST-3514,Alicia Reyes,Islamabad,Clothing,Jacket,2,6873,20,Credit Card,Delivered
ORD-00802,2026-04-26,CUST-5266,Joshua Washington,Multan,Electronics,Headphones,5,6144,10,Credit Card,Delivered
ORD-00803,2026-07-12,CUST-8347,Erica Nelson,Quetta,Electronics,Headphones,3,6847,5,Credit Card,Shipped
ORD-00804,2025-08-02,CUST-3381,Daniel Huang,Peshawar,Home and Kitchen,Blender,1,11628,10,Debit Card,Delivered
ORD-00805,2026-05-21,CUST-3409,Robert Ruiz,Gujranwala,Electronics,Headphones,3,17529,5,Bank Transfer,Delivered
ORD-00806,2025-12-08,CUST-2914,Yvonne Dickson,Faisalabad,Electronics,Smart Watch,1,14137,20,Cash on Delivery,Processing
ORD-00807,2025-08-30,CUST-1901,David Ferguson,Gujranwala,Clothing,Shoes,3,4515,5,Credit Card,Shipped
ORD-00808,2026-05-26,CUST-9821,Amy Davies,Peshawar,Clothing,Jacket,2,4369,0,Cash on Delivery,Shipped
ORD-00809,2025-10-16,CUST-9381,Vickie Price,Lahore,Books,Data Science Book,4,4603,15,Debit Card,Processing
ORD-00810,2026-07-21,CUST-1199,Sarah Thompson,Faisalabad,Clothing,Shoes,3,9326,5,Debit Card,Delivered
ORD-00811,2026-03-10,CUST-8278,Oscar Howard,Sahiwal,Home and Kitchen,Coffee Maker,5,9870,0,Bank Transfer,Delivered
ORD-00812,2026-03-09,CUST-2410,Michael Meza,Islamabad,Clothing,Shoes,4,5286,15,Credit Card,Delivered
ORD-00813,2026-02-26,CUST-2449,Travis Copeland,Lahore,Books,Machine Learning Book,1,7338,10,Bank Transfer,Cancelled
ORD-00814,2026-06-02,CUST-3243,Katherine Parker,Rawalpindi,Home and Kitchen,Coffee Maker,2,22142,20,Credit Card,Returned
ORD-00815,2026-01-29,CUST-5947,Anthony Guzman,Gujranwala,Books,Machine Learning Book,5,6518,0,Debit Card,Processing
ORD-00816,2025-07-30,CUST-5303,April Hardin,Faisalabad,Books,Data Science Book,1,2020,0,Bank Transfer,Delivered
ORD-00817,2025-10-09,CUST-5009,Gina Thompson,Lahore,Home and Kitchen,Coffee Maker,2,23118,20,Cash on Delivery,Returned
ORD-00818,2026-05-30,CUST-8872,Erica Johnson,Gujranwala,Home and Kitchen,Coffee Maker,1,18854,15,Bank Transfer,Returned
ORD-00819,2026-03-07,CUST-1287,Brenda Rodriguez,Faisalabad,Home and Kitchen,Coffee Maker,1,19229,15,Credit Card,Shipped
ORD-00820,2026-02-12,CUST-3219,Toni Brooks,Multan,Electronics,Smartphone,3,160859,20,Credit Card,Delivered
ORD-00821,2026-07-23,CUST-1798,Laurie Rogers,Faisalabad,Home and Kitchen,Table Lamp,4,7212,5,Debit Card,Shipped
ORD-00822,2025-11-25,CUST-3738,Christopher Fry,Quetta,Electronics,Smartphone,2,64774,15,Debit Card,Returned
ORD-00823,2026-05-26,CUST-6939,Katelyn Stewart,Karachi,Home and Kitchen,Table Lamp,3,7615,20,Digital Wallet,Shipped
ORD-00824,2026-04-23,CUST-5610,Melissa Mcfarland,Multan,Home and Kitchen,Cookware Set,1,12487,15,Bank Transfer,Processing
ORD-00825,2026-05-24,CUST-9247,Max Olsen,Rawalpindi,Home and Kitchen,Cookware Set,1,15139,0,Credit Card,Returned
ORD-00826,2025-12-16,CUST-3150,Michael Anderson,Lahore,Electronics,Smart Watch,4,10006,0,Bank Transfer,Delivered
ORD-00827,2026-05-02,CUST-9570,Michael Berry,Multan,Home and Kitchen,Table Lamp,2,8693,10,Credit Card,Cancelled
ORD-00828,2026-06-18,CUST-3332,Traci Johnson DDS,Rawalpindi,Home and Kitchen,Blender,1,8643,0,Debit Card,Delivered
ORD-00829,2026-07-15,CUST-2830,Lisa Bowman,Karachi,Clothing,Jeans,1,5980,20,Cash on Delivery,Returned
ORD-00830,2025-09-01,CUST-1537,Brenda Mcgee,Quetta,Books,Business Analytics Book,1,3408,0,Digital Wallet,Delivered
ORD-00831,2025-10-23,CUST-5942,Francisco Fields,Lahore,Books,Python Programming,3,1677,0,Cash on Delivery,Returned
ORD-00832,2025-08-26,CUST-6759,Meagan Daniel,Lahore,Electronics,Smartphone,5,92435,0,Cash on Delivery,Delivered
ORD-00833,2025-11-30,CUST-4962,Derek Wright,Quetta,Home and Kitchen,Table Lamp,3,3315,15,Digital Wallet,Delivered
ORD-00834,2025-08-18,CUST-4138,Richard Le,Faisalabad,Electronics,Laptop,5,148442,20,Credit Card,Returned
ORD-00835,2025-08-10,CUST-8777,Nicholas Costa,Multan,Electronics,Laptop,2,240648,15,Digital Wallet,Delivered
ORD-00836,2026-07-01,CUST-7219,Stephen Bell,Sahiwal,Books,Python Programming,2,4919,5,Credit Card,Shipped
ORD-00837,2025-12-15,CUST-3025,John Shields,Peshawar,Clothing,Shoes,1,15474,5,Cash on Delivery,Shipped
ORD-00838,2026-04-01,CUST-1665,Courtney Hayes,Karachi,Clothing,Shoes,3,14546,5,Debit Card,Processing
ORD-00839,2026-05-29,CUST-6111,Elizabeth Flores,Peshawar,Electronics,Smart Watch,3,34946,15,Credit Card,Shipped
ORD-00840,2025-09-01,CUST-8793,Christopher Bennett,Multan,Books,Machine Learning Book,4,4046,0,Credit Card,Delivered
ORD-00841,2026-05-03,CUST-2392,Tom Spence,Karachi,Books,Python Programming,4,3294,15,Credit Card,Processing
ORD-00842,2025-12-01,CUST-4261,Lisa Webb,Multan,Books,Python Programming,2,1765,5,Credit Card,Shipped
ORD-00843,2025-08-04,CUST-9177,Matthew Lawson,Faisalabad,Books,Python Programming,2,4932,10,Digital Wallet,Shipped
ORD-00844,2026-01-07,CUST-7626,Brian Harris,Peshawar,Home and Kitchen,Coffee Maker,3,22591,20,Digital Wallet,Delivered
ORD-00845,2025-10-04,CUST-9017,Julian Frost,Peshawar,Clothing,Shoes,1,5001,5,Credit Card,Cancelled
ORD-00846,2026-02-17,CUST-9161,Douglas Young,Lahore,Clothing,T-Shirt,1,1416,0,Credit Card,Processing
ORD-00847,2025-08-11,CUST-2578,Joshua Henry,Karachi,Home and Kitchen,Cookware Set,3,28380,15,Digital Wallet,Returned
ORD-00848,2025-08-13,CUST-9157,Jeffrey Phillips,Peshawar,Books,Business Analytics Book,2,4204,20,Digital Wallet,Delivered
ORD-00849,2026-04-06,CUST-7285,Karen Davis,Peshawar,Home and Kitchen,Blender,1,12051,0,Debit Card,Returned
ORD-00850,2025-10-11,CUST-3897,Edgar Miller,Quetta,Books,Business Analytics Book,4,2094,0,Debit Card,Cancelled
ORD-00851,2026-06-15,CUST-7374,Richard Ruiz,Peshawar,Clothing,Shoes,4,5203,5,Cash on Delivery,Shipped
ORD-00852,2026-07-05,CUST-1913,Anna Stephens,Sahiwal,Books,Business Analytics Book,4,3080,15,Debit Card,Processing
ORD-00853,2025-10-02,CUST-1461,James Lopez,Gujranwala,Books,Machine Learning Book,3,5125,0,Cash on Delivery,Delivered
ORD-00854,2025-08-09,CUST-6591,John Perez,Sahiwal,Home and Kitchen,Table Lamp,5,2220,20,Cash on Delivery,Processing
ORD-00855,2025-11-04,CUST-5001,Brittany Horton,Rawalpindi,Home and Kitchen,Table Lamp,4,4877,0,Credit Card,Cancelled
ORD-00856,2025-08-29,CUST-6531,Gregg Weaver,Islamabad,Home and Kitchen,Blender,1,9995,0,Cash on Delivery,Shipped
ORD-00857,2026-05-12,CUST-9433,Kristen Randall,Sahiwal,Home and Kitchen,Blender,4,15776,10,Debit Card,Delivered
ORD-00858,2026-06-05,CUST-7394,Tracie Mcdaniel,Multan,Books,Python Programming,3,3047,15,Digital Wallet,Delivered
ORD-00859,2026-07-21,CUST-9237,Stephen Alvarez,Multan,Books,Python Programming,2,2876,10,Credit Card,Shipped
ORD-00860,2025-08-22,CUST-2234,Scott Johnson,Quetta,Home and Kitchen,Table Lamp,4,3652,10,Credit Card,Delivered
ORD-00861,2026-03-01,CUST-4700,Rebecca Byrd,Gujranwala,Home and Kitchen,Blender,3,14396,10,Cash on Delivery,Cancelled
ORD-00862,2026-03-20,CUST-9700,Travis Cole,,Electronics,Headphones,3,4204,15,Bank Transfer,Delivered
ORD-00863,2025-09-25,CUST-8092,Rhonda Martinez,Quetta,Home and Kitchen,Blender,3,13268,5,Debit Card,Delivered
ORD-00864,2026-01-03,CUST-9971,Michael Harris,Islamabad,Books,Business Analytics Book,3,5512,20,Cash on Delivery,Cancelled
ORD-00865,2026-06-07,CUST-8656,Sandra Scott,Faisalabad,Clothing,Shoes,2,13826,20,Digital Wallet,Returned
ORD-00866,2026-07-11,CUST-8577,Renee Miller,Islamabad,Books,Python Programming,5,2321,5,Credit Card,Delivered
ORD-00867,2026-02-24,CUST-4335,Gabriel Hill,Sahiwal,Home and Kitchen,Coffee Maker,4,17441,0,Debit Card,Returned
ORD-00868,2026-01-16,CUST-7649,Alexandria Graves,Rawalpindi,Home and Kitchen,Cookware Set,3,27701,0,Cash on Delivery,Delivered
ORD-00869,2026-03-08,CUST-8952,Jennifer Perry,Quetta,Clothing,T-Shirt,2,2471,10,Bank Transfer,Processing
ORD-00870,2025-09-18,CUST-1477,Lauren Hanna,Faisalabad,Electronics,Smartphone,2,111489,0,Debit Card,Cancelled
ORD-00871,2025-08-30,CUST-2375,Kristine Garcia,Multan,Clothing,T-Shirt,4,1281,0,Digital Wallet,Delivered
ORD-00872,2025-11-11,CUST-3302,Sheryl Humphrey,Rawalpindi,Electronics,Smart Watch,3,10918,10,Cash on Delivery,Shipped
ORD-00873,2025-11-02,CUST-3003,John Lynch,Multan,Electronics,Headphones,4,4957,0,Debit Card,Returned
ORD-00874,2025-08-06,CUST-2750,Jamie Montgomery,Islamabad,Books,Data Science Book,4,3785,0,Credit Card,Delivered
ORD-00875,2026-04-13,CUST-9740,Amanda Preston,Multan,Books,Business Analytics Book,3,2258,10,Cash on Delivery,Delivered
ORD-00876,2025-11-28,CUST-6947,Amber Alvarez,Peshawar,Books,Business Analytics Book,2,4075,0,Debit Card,Returned
ORD-00877,2025-11-04,CUST-1895,Alicia Roth,Rawalpindi,Home and Kitchen,Blender,5,5570,20,Debit Card,Shipped
ORD-00878,2025-11-17,CUST-4872,Ryan Garrison,Peshawar,Books,Machine Learning Book,3,3499,15,Bank Transfer,Delivered
ORD-00879,2026-04-14,CUST-5872,Sean Taylor,Rawalpindi,Books,Machine Learning Book,3,3239,0,Credit Card,Processing
ORD-00880,2026-05-07,CUST-9055,Roger Adams,Peshawar,Home and Kitchen,Coffee Maker,1,15979,0,Bank Transfer,Returned
ORD-00881,2025-12-31,CUST-5275,Ann Alexander,Quetta,Home and Kitchen,Coffee Maker,1,12254,20,Cash on Delivery,Delivered
ORD-00882,2026-07-12,CUST-4010,Natalie Malone,Peshawar,Books,Machine Learning Book,4,2724,0,Credit Card,Delivered
ORD-00883,2026-06-24,CUST-2347,Anthony Moody,Karachi,Books,Data Science Book,3,4570,15,Credit Card,Delivered
ORD-00884,2025-08-17,CUST-3187,Jonathon Taylor,Faisalabad,Clothing,Shoes,3,10397,10,Credit Card,Cancelled
ORD-00885,2026-06-18,CUST-7022,Laura Thompson,Islamabad,Home and Kitchen,Table Lamp,2,2691,10,Bank Transfer,Processing
ORD-00886,2026-06-27,CUST-4747,Sara Wright,Karachi,Clothing,T-Shirt,1,3487,20,Bank Transfer,Delivered
ORD-00887,2026-01-16,CUST-8027,Isaac Gonzalez,Gujranwala,Home and Kitchen,Cookware Set,1,21141,15,Debit Card,Delivered
ORD-00888,2025-12-13,CUST-1231,Kathy Reid,Quetta,Electronics,Headphones,2,20587,0,Bank Transfer,Returned
ORD-00889,2025-09-09,CUST-4328,Dana Burns,,Books,Business Analytics Book,1,3638,20,Debit Card,Delivered
ORD-00890,2026-01-12,CUST-4531,Seth Matthews,Faisalabad,Books,Business Analytics Book,2,5333,0,Credit Card,Processing
ORD-00891,2025-12-05,CUST-5289,Ryan Green,Rawalpindi,Clothing,Shoes,2,3471,5,Digital Wallet,Processing
ORD-00892,2026-06-10,CUST-2404,Dominique Hughes,Lahore,Clothing,Jacket,5,14604,10,Bank Transfer,Delivered
ORD-00893,2025-09-24,CUST-7935,Penny Lewis,Gujranwala,Home and Kitchen,Coffee Maker,2,19566,20,Debit Card,Delivered
ORD-00894,2025-10-16,CUST-8715,Megan Adams,Multan,Electronics,Laptop,1,163628,0,Digital Wallet,Cancelled
ORD-00895,2025-12-29,CUST-7241,Sharon Coffey,Faisalabad,Electronics,Laptop,3,186131,15,Bank Transfer,Cancelled
ORD-00896,2026-04-13,CUST-3938,Thomas Holland,Faisalabad,Home and Kitchen,Cookware Set,5,9347,15,Credit Card,Shipped
ORD-00897,2026-03-13,CUST-6198,Courtney Franklin,Quetta,Books,Machine Learning Book,4,3580,0,Bank Transfer,Delivered
ORD-00898,2025-11-18,CUST-9179,Michelle Hill,Faisalabad,Home and Kitchen,Blender,3,5723,0,Debit Card,Processing
ORD-00899,2026-07-05,CUST-9470,Gregory King,Multan,Home and Kitchen,Table Lamp,5,8795,5,Bank Transfer,Delivered
ORD-00900,2026-01-20,CUST-4095,Joseph Hanson,Islamabad,Home and Kitchen,Coffee Maker,2,21417,0,Cash on Delivery,Delivered
ORD-00901,2026-03-06,CUST-8653,Jorge Bates,Sahiwal,Clothing,T-Shirt,4,2265,0,Cash on Delivery,Processing
ORD-00902,2026-06-15,CUST-8499,Kristina Wheeler,Peshawar,Electronics,Smart Watch,3,41756,10,Cash on Delivery,Returned
ORD-00903,2025-11-09,CUST-5654,Brian Brown,Islamabad,Clothing,T-Shirt,3,1583,0,Credit Card,Cancelled
ORD-00904,2025-11-07,CUST-3958,Shannon Green,Sahiwal,Home and Kitchen,Cookware Set,5,8135,15,Cash on Delivery,Delivered
ORD-00905,2026-04-25,CUST-2998,Marisa Lopez,Sahiwal,Books,Python Programming,3,1606,5,Debit Card,Shipped
ORD-00906,2026-02-08,CUST-8540,Stephanie Trujillo,Peshawar,Electronics,Headphones,2,2946,0,Bank Transfer,Cancelled
ORD-00907,2026-05-30,CUST-8423,Jennifer Flores,Multan,Home and Kitchen,Blender,3,5718,20,Digital Wallet,Delivered
ORD-00908,2025-09-15,CUST-2158,Mary Bright,Quetta,Clothing,T-Shirt,3,2523,0,Digital Wallet,Processing
ORD-00909,2025-10-31,CUST-7535,Jennifer Doyle,Karachi,Electronics,Smart Watch,3,16666,0,Cash on Delivery,Returned
ORD-00910,2026-03-06,CUST-3525,Laura Lee,Karachi,Clothing,Jeans,4,5796,5,Debit Card,Processing
ORD-00911,2026-05-01,CUST-2574,Melissa Little,Multan,Books,Machine Learning Book,5,3575,5,Digital Wallet,Delivered
ORD-00912,2026-01-23,CUST-7931,Megan Romero,Karachi,Books,Business Analytics Book,4,5702,5,Bank Transfer,Returned
ORD-00913,2026-06-16,CUST-2522,Matthew Grant,Lahore,Home and Kitchen,Cookware Set,4,28666,10,Digital Wallet,Delivered
ORD-00914,2025-11-14,CUST-9596,Carl Green,Karachi,Books,Data Science Book,2,6057,15,Debit Card,Processing
ORD-00915,2026-06-01,CUST-3093,Susan Arroyo,Faisalabad,Books,Python Programming,4,2730,0,Credit Card,Shipped
ORD-00916,2026-07-07,CUST-2253,Brandon Kelly,Lahore,Books,Machine Learning Book,5,2890,15,Digital Wallet,Delivered
ORD-00917,2026-05-08,CUST-5151,Jennifer Eaton,Multan,Books,Business Analytics Book,1,5606,20,Debit Card,Shipped
ORD-00918,2025-12-14,CUST-8583,Edward York,Islamabad,Electronics,Laptop,1,217060,20,Credit Card,Returned
ORD-00919,2026-01-21,CUST-5876,Mark Carpenter,Multan,Books,Python Programming,1,3204,20,Digital Wallet,Cancelled
ORD-00920,2026-03-21,CUST-4066,Steve Mason,Rawalpindi,Books,Business Analytics Book,5,3971,5,Credit Card,Delivered
ORD-00921,2026-06-24,CUST-1095,Kendra Gutierrez,Sahiwal,Home and Kitchen,Blender,4,13755,0,Cash on Delivery,Delivered
ORD-00922,2026-06-26,CUST-8974,Brenda Gonzalez,Faisalabad,Clothing,Shoes,4,14334,10,Digital Wallet,Returned
ORD-00923,2025-12-28,CUST-3213,Dr. Victoria Thomas,Lahore,Home and Kitchen,Coffee Maker,3,9871,0,Credit Card,Delivered
ORD-00924,2026-06-22,CUST-3378,Peggy Freeman,Rawalpindi,Electronics,Smartphone,1,94848,10,Bank Transfer,Returned
ORD-00925,2026-03-25,CUST-8765,Mrs. Amy Hayes,Sahiwal,Clothing,T-Shirt,3,3098,0,Cash on Delivery,Delivered
ORD-00926,2025-10-12,CUST-1321,Caroline Duran,Peshawar,Clothing,Jeans,4,6473,10,Digital Wallet,Delivered
ORD-00927,2026-01-29,CUST-6469,Penny Anderson,Lahore,Clothing,Jacket,5,10418,0,Cash on Delivery,Cancelled
ORD-00928,2026-01-07,CUST-8987,Jennifer Sanford,Sahiwal,Books,Business Analytics Book,4,4182,0,Bank Transfer,Shipped
ORD-00929,2025-12-18,CUST-7914,Joseph Cross,Gujranwala,Books,Data Science Book,1,6327,0,Debit Card,Shipped
ORD-00930,2025-07-28,CUST-9106,Nicole Schmidt,Gujranwala,Electronics,Headphones,4,17510,0,Debit Card,Processing
ORD-00931,2025-07-29,CUST-4149,Lori Wright,Peshawar,Books,Python Programming,2,2679,20,Debit Card,Processing
ORD-00932,2026-04-18,CUST-8675,Emily Garcia,Islamabad,Clothing,Jeans,5,5278,15,Debit Card,Cancelled
ORD-00933,2026-02-03,CUST-4394,Carol Colon,Faisalabad,Books,Business Analytics Book,3,5669,0,Cash on Delivery,Cancelled
ORD-00934,2025-11-15,CUST-9063,Joy Meyer,Karachi,Books,Data Science Book,2,3634,0,Bank Transfer,Processing
ORD-00935,2026-02-11,CUST-1297,Stephen Cowan,Multan,Home and Kitchen,Cookware Set,2,26246,0,Debit Card,Delivered
ORD-00936,2025-12-03,CUST-6533,Katherine Christensen MD,Sahiwal,Clothing,Jeans,5,2761,0,Cash on Delivery,Shipped
ORD-00937,2026-07-10,CUST-5224,Jennifer Perez,Multan,Clothing,T-Shirt,5,2117,10,Debit Card,Returned
ORD-00938,2026-05-01,CUST-2706,Mrs. Alison Wagner,Lahore,Electronics,Headphones,2,24614,15,Bank Transfer,Returned
ORD-00939,2025-09-08,CUST-2669,Matthew Johnson,Quetta,Books,Python Programming,1,4701,15,Cash on Delivery,Shipped
ORD-00940,2026-06-28,CUST-3572,Patricia Dean,Faisalabad,Electronics,Smartphone,1,93840,5,Bank Transfer,Returned
ORD-00941,2026-03-10,CUST-6482,Mary Valdez MD,Islamabad,Books,Python Programming,2,4150,5,Cash on Delivery,Returned
ORD-00942,2026-04-16,CUST-5019,Jeremy Martinez,Peshawar,Clothing,Shoes,4,15602,0,Debit Card,Delivered
ORD-00943,2025-10-29,CUST-7799,Christian Neal,Multan,Clothing,T-Shirt,3,2725,20,Credit Card,Delivered
ORD-00944,2026-03-24,CUST-7706,Jason Garcia,Peshawar,Books,Data Science Book,2,5512,10,Digital Wallet,Returned
ORD-00945,2026-02-10,CUST-9476,Larry Taylor,Karachi,Home and Kitchen,Blender,4,7385,0,Cash on Delivery,Delivered
ORD-00946,2026-06-10,CUST-7443,Kayla Williamson,Lahore,Home and Kitchen,Coffee Maker,2,21223,0,Credit Card,Shipped
ORD-00947,2025-11-09,CUST-5986,Brian Gonzalez,Multan,Electronics,Headphones,4,15172,20,Debit Card,Delivered
ORD-00948,2025-10-08,CUST-4360,Sandra Dudley,Quetta,Home and Kitchen,Cookware Set,4,22620,20,Digital Wallet,Returned
ORD-00949,2025-12-09,CUST-2380,Elizabeth Williams,Lahore,Books,Machine Learning Book,4,4116,5,Digital Wallet,Delivered
ORD-00950,2026-01-31,CUST-4501,Melissa Castillo,Karachi,Books,Data Science Book,5,6430,5,Digital Wallet,Shipped
ORD-00951,2025-10-22,CUST-9846,Michael Meadows,Gujranwala,Home and Kitchen,Table Lamp,2,2191,0,Debit Card,Delivered
ORD-00952,2026-06-12,CUST-1982,Kathleen Herring,Multan,Home and Kitchen,Coffee Maker,5,10618,20,Debit Card,Cancelled
ORD-00953,2026-05-21,CUST-3043,Misty Garcia,Peshawar,Home and Kitchen,Blender,1,17395,20,Debit Card,Shipped
ORD-00954,2025-10-30,CUST-9737,Joyce Madden,Gujranwala,Electronics,Smart Watch,3,20472,20,Credit Card,Delivered
ORD-00955,2025-11-02,CUST-7187,Brett Thompson,Quetta,Home and Kitchen,Table Lamp,5,7508,0,Credit Card,Delivered
ORD-00956,2025-08-07,CUST-3401,Heather Rhodes,Sahiwal,Home and Kitchen,Cookware Set,3,22886,0,Bank Transfer,Delivered
ORD-00957,2026-01-04,CUST-8802,Anna Chang,Rawalpindi,Electronics,Laptop,4,236458,0,Bank Transfer,Delivered
ORD-00958,2025-08-09,CUST-5320,Charles Holland,Gujranwala,Home and Kitchen,Coffee Maker,5,24004,10,Bank Transfer,Cancelled
ORD-00959,2025-11-27,CUST-3364,Jeffrey Howell,Quetta,Books,Business Analytics Book,4,5215,0,Credit Card,Processing
ORD-00960,2026-06-29,CUST-4483,Jacqueline Cooper,Peshawar,Books,Data Science Book,5,6334,0,Bank Transfer,Delivered
ORD-00961,2025-09-05,CUST-2807,Victor Nelson,Karachi,Clothing,Jacket,1,13856,10,Debit Card,Shipped
ORD-00962,2025-12-19,CUST-7086,Karen Fisher,Faisalabad,Home and Kitchen,Blender,5,7511,0,Debit Card,Delivered
ORD-00963,2026-07-02,CUST-7910,Ashley Horton,Lahore,Home and Kitchen,Coffee Maker,1,11681,0,Debit Card,Delivered
ORD-00964,2025-08-14,CUST-9970,Dr. Ashley Pruitt,Multan,Clothing,Jeans,4,2517,0,Cash on Delivery,Returned
ORD-00965,2026-01-26,CUST-8411,Meghan White,Multan,Electronics,Smart Watch,4,42556,5,Bank Transfer,Processing
ORD-00966,2025-12-17,CUST-8357,Lisa Huffman,Islamabad,Clothing,Jeans,5,6275,10,Debit Card,Delivered
ORD-00967,2026-06-29,CUST-9863,Valerie Anderson,Lahore,Books,Business Analytics Book,2,5039,5,Bank Transfer,Cancelled
ORD-00968,2026-07-15,CUST-6060,Stephen Alexander Jr.,Quetta,Home and Kitchen,Blender,2,16586,0,Cash on Delivery,Cancelled
ORD-00969,2026-04-03,CUST-9548,Michael Gregory,Rawalpindi,Electronics,Smartphone,5,53860,15,Bank Transfer,Shipped
ORD-00970,2026-05-17,CUST-5504,Misty Walker,Rawalpindi,Electronics,Laptop,5,143559,0,Credit Card,Returned
ORD-00971,2026-04-09,CUST-7583,Kelly Watts,Gujranwala,Books,Python Programming,5,3985,5,Cash on Delivery,Processing
ORD-00972,2026-03-20,CUST-1394,Matthew Wright,Quetta,Electronics,Headphones,4,7914,10,Debit Card,Processing
ORD-00973,2025-12-04,CUST-3755,Margaret Hernandez,Faisalabad,Home and Kitchen,Blender,1,6627,15,Credit Card,Delivered
ORD-00974,2026-06-08,CUST-3772,Victoria Brown,Lahore,Home and Kitchen,Blender,2,10026,10,Digital Wallet,Delivered
ORD-00975,2026-03-29,CUST-2617,Kathy Harrison,Multan,Clothing,T-Shirt,1,2420,10,Credit Card,Processing
ORD-00976,2026-01-31,CUST-1849,Angela Vasquez,Rawalpindi,Home and Kitchen,Table Lamp,4,8780,0,Credit Card,Returned
ORD-00977,2025-10-24,CUST-7308,Donald Hunter,Karachi,Clothing,Shoes,5,15327,15,Debit Card,Delivered
ORD-00978,2026-02-21,CUST-8932,Jennifer Young,Lahore,Home and Kitchen,Coffee Maker,5,20339,0,Bank Transfer,Cancelled
ORD-00979,2026-01-17,CUST-2663,Kenneth Miller,Rawalpindi,Clothing,T-Shirt,3,3469,15,Digital Wallet,Cancelled
ORD-00980,2026-02-01,CUST-2374,Bryan Jimenez,Quetta,Clothing,Jacket,5,10664,10,Credit Card,Returned
ORD-00981,2026-04-02,CUST-9806,Jamie Johnson,Sahiwal,Clothing,Jacket,5,6755,0,Digital Wallet,Processing
ORD-00982,2026-02-21,CUST-5739,Brandon Munoz,Islamabad,Electronics,Laptop,4,245975,15,Cash on Delivery,Delivered
ORD-00983,2026-03-20,CUST-7228,Stefanie Hart,Multan,Books,Machine Learning Book,5,4555,20,Credit Card,Shipped
ORD-00984,2026-04-03,CUST-2145,Tiffany Cox,Faisalabad,Home and Kitchen,Blender,2,17110,15,Cash on Delivery,Processing
ORD-00985,2025-08-13,CUST-4454,Sarah Rivera,Gujranwala,Electronics,Smartphone,5,113258,10,Digital Wallet,Returned
ORD-00986,2026-05-17,CUST-8417,Kara Sandoval,Faisalabad,Home and Kitchen,Table Lamp,3,8166,20,Credit Card,Cancelled
ORD-00987,2026-04-27,CUST-6381,Brent Hopkins,Lahore,Home and Kitchen,Table Lamp,2,5766,15,Credit Card,Cancelled
ORD-00988,2025-07-23,CUST-3843,Ronald Brandt,Sahiwal,Electronics,Smart Watch,1,5627,20,Digital Wallet,Cancelled
ORD-00989,2025-11-13,CUST-2270,Jacqueline Rodriguez,Quetta,Books,Business Analytics Book,5,2464,20,Cash on Delivery,Returned
ORD-00990,2026-07-06,CUST-6864,Charles Love,Sahiwal,Books,Python Programming,3,4829,10,Credit Card,Returned
ORD-00991,2026-04-29,CUST-8283,David Gonzalez,Lahore,Electronics,Laptop,4,168559,0,Credit Card,Cancelled
ORD-00992,2025-09-07,CUST-5967,Jenna Bryant,Rawalpindi,Electronics,Headphones,3,8275,0,Credit Card,Processing
ORD-00993,2026-05-22,CUST-4425,George Sherman,Lahore,Home and Kitchen,Blender,3,13074,20,Credit Card,Returned
ORD-00994,2025-08-10,CUST-9093,Sara Chapman,Islamabad,Books,Python Programming,3,3831,15,Digital Wallet,Delivered
ORD-00995,2026-05-18,CUST-2065,Judith Lawrence,Islamabad,Clothing,T-Shirt,5,1725,20,Debit Card,Shipped
ORD-00996,2026-02-03,CUST-9731,Jonathan Moreno,Gujranwala,Clothing,Jacket,2,4378,20,Debit Card,Cancelled
ORD-00997,2025-08-10,CUST-1849,Jessica Richards,Multan,Books,Python Programming,4,4125,20,Bank Transfer,Returned
ORD-00998,2026-07-16,CUST-9119,Tammy Thompson,Multan,Books,Machine Learning Book,1,6745,10,Digital Wallet,Returned
ORD-00999,2026-03-04,CUST-9723,Robert Garcia,Peshawar,Electronics,Smartphone,1,112858,10,Debit Card,Delivered
ORD-01000,2026-04-04,CUST-1415,Sonya Gordon,Rawalpindi,Books,Data Science Book,3,2670,15,Bank Transfer,Delivered
ORD-01001,2025-12-19,CUST-2029,Lee Schwartz,Karachi,Clothing,Jeans,2,5197,5,Cash on Delivery,Processing
ORD-01002,2025-10-27,CUST-6477,Victor Waller,Faisalabad,Books,Python Programming,5,4765,20,Credit Card,Delivered
ORD-01003,2026-01-14,CUST-9514,Brenda Morrison,Rawalpindi,Books,Data Science Book,3,2445,5,Cash on Delivery,Returned
ORD-01004,2026-07-02,CUST-2401,Elizabeth Miles,Lahore,Books,Python Programming,4,3871,0,Cash on Delivery,Processing
ORD-01005,2026-06-22,CUST-1897,Norman Spencer,Faisalabad,Home and Kitchen,Blender,2,6015,10,Digital Wallet,Cancelled
ORD-01006,2025-10-15,CUST-1855,Marcus Roberts,Faisalabad,Books,Python Programming,1,4275,0,Bank Transfer,Processing
ORD-01007,2025-12-04,CUST-1173,Brandi Page,Peshawar,Electronics,Smart Watch,2,44293,20,Bank Transfer,Processing
ORD-01008,2025-09-30,CUST-1425,Melissa Morris,Peshawar,Books,Python Programming,3,4166,20,Digital Wallet,Delivered
ORD-01009,2025-09-05,CUST-2106,Kristina Aguilar,Gujranwala,Clothing,T-Shirt,1,1250,15,Credit Card,Shipped
ORD-01010,2026-04-08,CUST-8284,Megan English,Islamabad,Clothing,Jacket,3,10897,10,Credit Card,Delivered
ORD-01011,2026-02-15,CUST-8140,Ryan Stokes,Quetta,Electronics,Laptop,2,160850,15,Debit Card,Delivered
ORD-01012,2026-02-11,CUST-6618,James Brown,Faisalabad,Clothing,Jeans,4,5028,15,Debit Card,Delivered
ORD-01013,2025-08-13,CUST-1894,Paul Martin,Sahiwal,Clothing,T-Shirt,2,3277,15,Debit Card,Delivered
ORD-01014,2025-11-11,CUST-8794,Brianna Brown,Peshawar,Clothing,Jeans,1,5297,0,Digital Wallet,Cancelled
ORD-01015,2026-05-23,CUST-6384,Paul Johnson,Islamabad,Home and Kitchen,Table Lamp,5,4454,10,Cash on Delivery,Processing
ORD-01016,2026-06-04,CUST-4654,Luis Lowe,Rawalpindi,Electronics,Smart Watch,2,5242,20,Bank Transfer,Shipped
ORD-01017,2026-02-26,CUST-7158,Natalie Hoffman,Rawalpindi,Clothing,Jeans,4,5215,20,Bank Transfer,Delivered
ORD-01018,2025-10-23,CUST-1491,Rebecca Horton,Quetta,Electronics,Headphones,1,4416,5,Cash on Delivery,Delivered
ORD-01019,2026-04-18,CUST-1486,Tammy Hughes,Rawalpindi,Home and Kitchen,Coffee Maker,2,18793,0,Credit Card,Delivered
ORD-01020,2026-05-25,CUST-5029,Emily Arnold,Islamabad,Clothing,Jeans,3,3927,5,Credit Card,Delivered
ORD-01021,2025-07-28,CUST-3248,Christina Melton,Sahiwal,Clothing,Jacket,1,4343,20,Cash on Delivery,Delivered
ORD-01022,2026-06-22,CUST-7100,Sandra Pruitt,Islamabad,Clothing,Jacket,4,7934,5,Digital Wallet,Returned
ORD-01023,2026-04-22,CUST-4107,Holly Chapman,Rawalpindi,Books,Python Programming,1,2091,0,Digital Wallet,Processing
ORD-01024,2026-05-05,CUST-5006,Patty Brandt,Lahore,Home and Kitchen,Table Lamp,5,5518,20,Digital Wallet,Shipped
ORD-01025,2025-11-14,CUST-1872,William Jones,Faisalabad,Clothing,Jacket,2,9368,0,Credit Card,Returned
ORD-01026,2025-09-28,CUST-2062,Barbara Williams,Islamabad,Books,Data Science Book,1,5855,20,Digital Wallet,Processing
ORD-01027,2025-11-08,CUST-6272,Beverly Silva,Multan,Home and Kitchen,Coffee Maker,5,22213,0,Digital Wallet,Cancelled
ORD-01028,2025-10-30,CUST-7569,John Pineda,Gujranwala,Books,Business Analytics Book,4,3998,15,Cash on Delivery,Delivered
ORD-01029,2025-08-07,CUST-4581,Frank Williams,Faisalabad,Clothing,Jeans,4,4420,10,Bank Transfer,Processing
ORD-01030,2026-07-20,CUST-3200,Sarah Turner,Karachi,Clothing,Jacket,3,13020,0,Debit Card,Processing
ORD-01031,2026-05-25,CUST-9392,Heather Bowers,Gujranwala,Home and Kitchen,Cookware Set,5,9348,10,Debit Card,Processing
ORD-01032,2025-11-23,CUST-9151,Tina Meyer,Multan,Books,Business Analytics Book,4,5150,5,Debit Card,Processing
ORD-01033,2026-05-24,CUST-2243,Jennifer Herrera,Multan,Electronics,Smartphone,4,101286,5,Cash on Delivery,Delivered
ORD-01034,2025-08-27,CUST-2168,Stephen Alvarado,Multan,Electronics,Headphones,2,5224,0,Cash on Delivery,Shipped
ORD-01035,2025-11-28,CUST-5959,Daniel Goodwin,Faisalabad,Clothing,Jacket,2,9394,5,Credit Card,Cancelled
ORD-01036,2026-02-14,CUST-6679,Justin Goodwin,Sahiwal,Clothing,Jacket,1,8906,5,Bank Transfer,Returned
ORD-01037,2026-04-01,CUST-4728,Michael Griffin,Rawalpindi,Electronics,Smart Watch,5,14783,10,Credit Card,Processing
ORD-01038,2026-07-09,CUST-6129,Tamara Sanchez,Rawalpindi,Clothing,Shoes,4,8581,0,Bank Transfer,Returned
ORD-01039,2025-08-07,CUST-1493,Erica Moon,Multan,Books,Data Science Book,4,5686,15,Credit Card,Shipped
ORD-01040,2025-09-05,CUST-6810,Joshua Campbell,Multan,Clothing,Jacket,1,12188,20,Credit Card,Processing
ORD-01041,2026-07-11,CUST-1380,Patricia Robertson,Gujranwala,Books,Business Analytics Book,5,4254,5,Cash on Delivery,Delivered
ORD-01042,2026-02-05,CUST-7404,Andrew Villanueva,Sahiwal,Clothing,Jacket,5,14319,15,Credit Card,Processing
ORD-01043,2025-10-05,CUST-6387,Bradley Davis,Gujranwala,Electronics,Smart Watch,2,36115,0,Bank Transfer,Cancelled
ORD-01044,2026-05-19,CUST-3910,Adrienne Jones,Lahore,Home and Kitchen,Blender,2,6709,20,Digital Wallet,Processing
ORD-01045,2026-04-09,CUST-5650,Christy Jennings,Rawalpindi,Electronics,Smartphone,2,58216,10,Credit Card,Delivered
ORD-01046,2026-06-12,CUST-1180,Joshua Park,Islamabad,Electronics,Smart Watch,1,29159,15,Debit Card,Returned
ORD-01047,2026-05-06,CUST-9789,Maria Case,Sahiwal,Books,Business Analytics Book,2,2707,0,Bank Transfer,Cancelled
ORD-01048,2026-05-09,CUST-6075,Allison Love,Sahiwal,Electronics,Smart Watch,2,13515,0,Bank Transfer,Delivered
ORD-01049,2025-08-06,CUST-4304,Anthony Bauer,Lahore,Home and Kitchen,Cookware Set,5,23039,5,Credit Card,Processing
ORD-01050,2026-02-24,CUST-6388,Roberto Bartlett,Gujranwala,Electronics,Smart Watch,5,21176,15,Bank Transfer,Processing
ORD-01051,2025-12-28,CUST-8476,Mark Hamilton,Multan,Books,Python Programming,1,2679,20,Debit Card,Processing
ORD-01052,2025-07-29,CUST-8079,Bryan Smith,Peshawar,Clothing,Shoes,2,5942,15,Bank Transfer,Cancelled
ORD-01053,2026-04-28,CUST-3587,Nicole Richards,Faisalabad,Clothing,T-Shirt,4,1378,0,Digital Wallet,Delivered
ORD-01054,2026-04-21,CUST-2986,Heather Shaw,Multan,Electronics,Smartphone,4,147814,15,Cash on Delivery,Returned
ORD-01055,2025-11-12,CUST-5141,Elizabeth Miller,Rawalpindi,Electronics,Headphones,4,16776,0,Digital Wallet,Delivered
ORD-01056,2026-05-16,CUST-8567,Jane Short,Sahiwal,Books,Python Programming,1,4116,20,Debit Card,Cancelled
ORD-01057,2025-08-03,CUST-5105,Joseph Taylor,Karachi,Books,Data Science Book,4,2309,0,Credit Card,Delivered
ORD-01058,2025-12-21,CUST-9985,Sarah Phillips,Rawalpindi,Books,Business Analytics Book,4,2358,0,Bank Transfer,Delivered
ORD-01059,2026-03-26,CUST-2646,Michael Sloan,Islamabad,Books,Machine Learning Book,2,3897,0,Debit Card,Delivered
ORD-01060,2026-05-27,CUST-5476,Maria Bernard,Islamabad,Books,Data Science Book,1,2091,20,Bank Transfer,Delivered
ORD-01061,2025-07-27,CUST-8242,Kristen Martinez,Lahore,Clothing,Jeans,1,6860,0,Digital Wallet,Cancelled
ORD-01062,2025-07-24,CUST-1076,Jennifer Kelley,Lahore,Electronics,Smart Watch,3,34097,0,Bank Transfer,Returned
ORD-01063,2025-08-25,CUST-2497,Paul Berger,Lahore,Clothing,Jeans,3,4454,0,Bank Transfer,Delivered
ORD-01064,2025-12-03,CUST-2035,Taylor York,,Electronics,Headphones,2,24280,20,Cash on Delivery,Returned
ORD-01065,2025-09-16,CUST-2764,Daniel Davenport,Multan,Clothing,Jeans,1,5905,15,Debit Card,Shipped
ORD-01066,2025-10-06,CUST-2979,Michael Bradley,Rawalpindi,Clothing,Jeans,5,5736,10,Credit Card,Delivered
ORD-01067,2025-08-13,CUST-6181,Tara Gamble,Lahore,Home and Kitchen,Table Lamp,2,2122,10,Bank Transfer,Delivered
ORD-01068,2026-01-18,CUST-7045,Angel Powers,Lahore,Books,Data Science Book,1,4281,20,Cash on Delivery,Delivered
ORD-01069,2025-10-28,CUST-9784,Nicholas Freeman,Gujranwala,Books,Machine Learning Book,5,6592,0,Credit Card,Delivered
ORD-01070,2025-11-28,CUST-3177,Michael Young,Multan,Electronics,Headphones,4,24213,20,Credit Card,Cancelled
ORD-01071,2025-11-10,CUST-8354,Stephanie Stewart,Sahiwal,Home and Kitchen,Coffee Maker,1,17980,0,Digital Wallet,Cancelled
ORD-01072,2026-01-14,CUST-3032,Matthew Steele,Faisalabad,Clothing,T-Shirt,2,1286,15,Credit Card,Cancelled
ORD-01073,2025-09-20,CUST-3253,Holly Stewart,Multan,Books,Data Science Book,5,2650,0,Bank Transfer,Delivered
ORD-01074,2026-01-05,CUST-1621,Erik Floyd,Rawalpindi,Clothing,Jeans,4,4174,20,Digital Wallet,Processing
ORD-01075,2026-04-25,CUST-1648,Jessica Larsen,Quetta,Home and Kitchen,Cookware Set,3,18405,20,Bank Transfer,Cancelled
ORD-01076,2025-09-13,CUST-6615,Erin Castillo,Rawalpindi,Home and Kitchen,Blender,2,17007,5,Credit Card,Shipped
ORD-01077,2026-01-11,CUST-6269,Eric Arnold,Islamabad,Electronics,Smartphone,2,140004,15,Bank Transfer,Cancelled
ORD-01078,2025-09-29,CUST-1853,Angela Ramirez,Islamabad,Electronics,Laptop,4,129173,0,Credit Card,Delivered
ORD-01079,2026-06-08,CUST-9313,Joshua Baker,Karachi,Electronics,Smartphone,5,93575,0,Bank Transfer,Cancelled
ORD-01080,2026-07-02,CUST-7947,Monica Mcclain,Islamabad,Books,Machine Learning Book,2,4118,0,Digital Wallet,Delivered
ORD-01081,2026-06-17,CUST-4299,Amanda Perkins,Faisalabad,Home and Kitchen,Table Lamp,5,5672,20,Bank Transfer,Delivered
ORD-01082,2025-12-27,CUST-8231,Christy Johnson,Sahiwal,Home and Kitchen,Coffee Maker,4,12497,10,Digital Wallet,Shipped
ORD-01083,2025-11-01,CUST-8002,Yvonne Kennedy,Karachi,Books,Data Science Book,4,2162,10,Debit Card,Shipped
ORD-01084,2026-05-20,CUST-6011,James Vance,Peshawar,Clothing,Jeans,3,5616,10,Debit Card,Processing
ORD-01085,2026-03-08,CUST-8688,Donna Marshall,Rawalpindi,Books,Python Programming,3,2059,20,Credit Card,Delivered
ORD-01086,2026-02-06,CUST-7131,Jack Smith,Peshawar,Electronics,Laptop,5,215730,20,Bank Transfer,Processing
ORD-01087,2025-10-23,CUST-2167,Renee Mendez,Sahiwal,Books,Machine Learning Book,4,6510,5,Cash on Delivery,Delivered
ORD-01088,2025-09-25,CUST-6711,Brenda Moore,Quetta,Books,Data Science Book,2,5574,5,Bank Transfer,Cancelled
ORD-01089,2026-02-27,CUST-5043,Mary Faulkner,Rawalpindi,Home and Kitchen,Blender,4,11947,20,Bank Transfer,Delivered
ORD-01090,2026-05-04,CUST-8462,Teresa Williams,Islamabad,Home and Kitchen,Blender,2,9281,15,Debit Card,Delivered
ORD-01091,2026-05-14,CUST-7297,Arthur Wood Jr.,Sahiwal,Clothing,T-Shirt,1,1578,20,Digital Wallet,Delivered
ORD-01092,2025-10-11,CUST-5143,Rebecca Hughes,Faisalabad,Clothing,Shoes,2,16594,10,Digital Wallet,Shipped
ORD-01093,2026-07-14,CUST-6642,Anthony Hooper,Islamabad,Books,Machine Learning Book,4,3228,0,Debit Card,Cancelled
ORD-01094,2025-11-25,CUST-9056,Warren Schultz,Lahore,Clothing,Shoes,3,3105,0,Cash on Delivery,Delivered
ORD-01095,2025-11-06,CUST-3890,Deborah Stephens,Multan,Books,Business Analytics Book,3,5330,0,Credit Card,Cancelled
ORD-01096,2025-09-28,CUST-2806,James Matthews,Peshawar,Clothing,Jeans,4,3990,15,Digital Wallet,Returned
ORD-01097,2026-07-06,CUST-3993,Kellie Bennett,Rawalpindi,Clothing,Jeans,2,2983,20,Debit Card,Returned
ORD-01098,2026-07-10,CUST-3721,Jared Roth,Karachi,Books,Business Analytics Book,5,2694,20,Debit Card,Delivered
ORD-01099,2025-12-03,CUST-1486,Mr. Larry Shaw,Gujranwala,Books,Python Programming,3,1763,5,Credit Card,Processing
ORD-01100,2025-09-14,CUST-1118,David Robertson,Gujranwala,Books,Python Programming,1,1750,5,Cash on Delivery,Delivered
ORD-01101,2025-11-09,CUST-8961,Cody Cox,Peshawar,Clothing,T-Shirt,4,3330,5,Debit Card,Shipped
ORD-01102,2026-04-27,CUST-4925,Mary Perry,Multan,Books,Machine Learning Book,3,5310,5,Bank Transfer,Processing
ORD-01103,2025-11-28,CUST-8486,Karen Mendoza,Sahiwal,Electronics,Headphones,3,5282,0,Credit Card,Delivered
ORD-01104,2025-10-12,CUST-8785,Maria Jenkins,Quetta,Electronics,Headphones,2,14072,10,Bank Transfer,Cancelled
ORD-01105,2025-10-25,CUST-6901,Kenneth Martin,Lahore,Clothing,T-Shirt,3,1268,20,Debit Card,Cancelled
ORD-01106,2026-03-24,CUST-2333,Stephanie Thomas,Multan,Books,Data Science Book,5,5969,10,Bank Transfer,Processing
ORD-01107,2025-09-25,CUST-3345,Christopher Mullen,Quetta,Electronics,Smart Watch,3,44791,0,Digital Wallet,Returned
ORD-01108,2026-03-12,CUST-9990,Marcia Johns,Peshawar,Electronics,Smartphone,4,62830,5,Credit Card,Processing
ORD-01109,2026-05-01,CUST-4467,Diane Miller,Islamabad,Electronics,Smart Watch,5,20787,0,Cash on Delivery,Delivered
ORD-01110,2026-01-13,CUST-5593,Kaitlin Olson,Rawalpindi,Books,Python Programming,2,2837,10,Debit Card,Cancelled
ORD-01111,2025-10-16,CUST-9060,Lindsay Norton,Karachi,Books,Python Programming,2,3689,20,Debit Card,Returned
ORD-01112,2026-06-06,CUST-7252,Lisa Dixon,Quetta,Clothing,T-Shirt,3,2744,20,Bank Transfer,Returned
ORD-01113,2025-09-26,CUST-2436,Grace Chavez,Karachi,Clothing,Jeans,3,3447,5,Cash on Delivery,Delivered
ORD-01114,2026-03-09,CUST-6134,James Anderson,Sahiwal,Clothing,T-Shirt,5,2706,0,Digital Wallet,Cancelled
ORD-01115,2025-07-29,CUST-4110,Scott Gordon,Sahiwal,Electronics,Headphones,1,21335,15,Bank Transfer,Delivered
ORD-01116,2026-01-02,CUST-4639,Lisa Thompson,Karachi,Home and Kitchen,Cookware Set,5,29749,15,Bank Transfer,Delivered
ORD-01117,2026-07-08,CUST-9189,Amanda Bowers,,Books,Machine Learning Book,2,4931,0,Credit Card,Shipped
ORD-01118,2026-02-03,CUST-6060,Anna Hopkins,Quetta,Home and Kitchen,Cookware Set,1,27624,5,Cash on Delivery,Delivered
ORD-01119,2026-07-08,CUST-7171,Samantha Prince,Lahore,Books,Data Science Book,4,4387,20,Debit Card,Delivered
ORD-01120,2026-05-19,CUST-7419,Jessica Fisher,Faisalabad,Clothing,Jeans,1,3966,10,Credit Card,Delivered
ORD-01121,2026-06-27,CUST-7412,Joseph Perez,Sahiwal,Books,Machine Learning Book,4,6378,5,Cash on Delivery,Shipped
ORD-01122,2026-05-30,CUST-7451,Dr. Gregory Ballard,Karachi,Home and Kitchen,Table Lamp,2,7743,15,Credit Card,Delivered
ORD-01123,2026-07-10,CUST-3253,Melissa Davis,Peshawar,Electronics,Headphones,4,23451,0,Bank Transfer,Delivered
ORD-01124,2025-09-12,CUST-1149,Ralph Kent,Multan,Clothing,Jeans,2,4102,20,Digital Wallet,Delivered
ORD-01125,2025-08-24,CUST-1922,Shawn Ortiz,Karachi,Clothing,Shoes,4,14132,0,Debit Card,Processing
ORD-01126,2025-10-04,CUST-6545,Patrick Smith,Gujranwala,Clothing,T-Shirt,1,3311,20,Bank Transfer,Delivered
ORD-01127,2026-02-10,CUST-7498,Adam Pena,Peshawar,Books,Data Science Book,1,2973,0,Debit Card,Cancelled
ORD-01128,2026-04-16,CUST-7260,Jennifer Rodriguez,Faisalabad,Clothing,Shoes,1,15742,10,Bank Transfer,Delivered
ORD-01129,2026-01-04,CUST-9015,Dawn Wyatt,,Electronics,Laptop,1,130831,0,Credit Card,Delivered
ORD-01130,2026-01-03,CUST-7290,Lisa Braun,Peshawar,Books,Machine Learning Book,1,7356,0,Bank Transfer,Delivered
ORD-01131,2025-12-24,CUST-9806,Jennifer Bowers,Islamabad,Clothing,T-Shirt,3,1460,20,Bank Transfer,Returned
ORD-01132,2026-01-26,CUST-9004,Justin Webb,Karachi,Electronics,Smart Watch,5,40154,15,Digital Wallet,Returned
ORD-01133,2025-11-19,CUST-3948,Patricia Sanders,Lahore,Electronics,Smartphone,1,87360,15,Digital Wallet,Processing
ORD-01134,2025-09-14,CUST-4378,Mary Adkins,Islamabad,Home and Kitchen,Blender,1,7110,15,Cash on Delivery,Shipped
ORD-01135,2026-01-12,CUST-5891,Tiffany Garcia,Multan,Home and Kitchen,Blender,1,7043,15,Digital Wallet,Delivered
ORD-01136,2026-02-05,CUST-9510,George Pierce,Faisalabad,Books,Python Programming,2,2731,0,Digital Wallet,Processing
ORD-01137,2026-04-19,CUST-9818,Amy Price,Quetta,Clothing,Shoes,3,11563,5,Credit Card,Cancelled
ORD-01138,2026-03-26,CUST-3321,Brandon Thomas,Faisalabad,Electronics,Laptop,2,124814,0,Credit Card,Delivered
ORD-01139,2026-07-17,CUST-7914,Anita Baker,Karachi,Clothing,Jacket,3,6105,20,Digital Wallet,Delivered
ORD-01140,2025-12-14,CUST-2364,Andrew Cruz,Faisalabad,Home and Kitchen,Coffee Maker,2,20109,10,Bank Transfer,Cancelled
ORD-01141,2025-12-25,CUST-4156,Kelly Dawson,Multan,Clothing,Jeans,1,4706,20,Digital Wallet,Cancelled
ORD-01142,2026-03-12,CUST-7208,Raymond Thompson,Lahore,Clothing,Shoes,2,8183,10,Digital Wallet,Delivered
ORD-01143,2026-01-30,CUST-9984,Dakota Sandoval,Sahiwal,Electronics,Headphones,1,19415,0,Cash on Delivery,Delivered
ORD-01144,2026-05-31,CUST-4698,Chloe Bowers,Faisalabad,Electronics,Headphones,3,10953,0,Cash on Delivery,Delivered
ORD-01145,2026-02-06,CUST-3879,Crystal Jackson,Quetta,Books,Data Science Book,4,2860,0,Debit Card,Shipped
ORD-01146,2025-08-06,CUST-5620,Matthew Cantrell,Quetta,Books,Python Programming,5,2929,20,Debit Card,Shipped
ORD-01147,2025-08-25,CUST-3960,Penny Gomez MD,Multan,Electronics,Laptop,2,161680,10,Digital Wallet,Shipped
ORD-01148,2026-03-07,CUST-1155,Adrian Padilla,Quetta,Books,Business Analytics Book,5,2845,5,Credit Card,Cancelled
ORD-01149,2026-07-14,CUST-7064,Duane Gallegos,Rawalpindi,Clothing,Jeans,4,4690,0,Digital Wallet,Processing
ORD-01150,2026-07-13,CUST-9228,Hannah Ochoa,Faisalabad,Books,Data Science Book,4,4899,10,Debit Card,Processing
ORD-01151,2025-10-18,CUST-6123,Cheyenne Spears,Karachi,Clothing,Jacket,1,9007,10,Cash on Delivery,Delivered
ORD-01152,2026-03-03,CUST-5683,Christopher Hunter,Quetta,Clothing,T-Shirt,2,1435,0,Bank Transfer,Returned
ORD-01153,2026-02-24,CUST-9156,Edward Arroyo,Quetta,Electronics,Smart Watch,5,13940,10,Digital Wallet,Cancelled
ORD-01154,2026-05-30,CUST-1119,Deanna Medina,Sahiwal,Electronics,Smart Watch,1,17463,20,Digital Wallet,Cancelled
ORD-01155,2026-05-27,CUST-8350,Melissa Church,Islamabad,Home and Kitchen,Cookware Set,5,27962,0,Digital Wallet,Delivered
ORD-01156,2026-02-26,CUST-6788,Mr. Gerald Rowe,Lahore,Clothing,T-Shirt,3,1746,15,Bank Transfer,Processing
ORD-01157,2026-04-13,CUST-5092,Kevin Johnson,Quetta,Books,Data Science Book,3,2927,5,Cash on Delivery,Delivered
ORD-01158,2025-09-06,CUST-1036,James Kramer,Gujranwala,Home and Kitchen,Coffee Maker,3,15675,0,Bank Transfer,Delivered
ORD-01159,2025-10-16,CUST-1942,Crystal Stewart,Multan,Home and Kitchen,Blender,4,15121,10,Cash on Delivery,Shipped
ORD-01160,2025-12-07,CUST-1084,Alexandra Collier,Multan,Books,Machine Learning Book,3,5399,0,Credit Card,Processing
ORD-01161,2025-10-27,CUST-4236,James Goodman,Karachi,Home and Kitchen,Blender,1,12058,10,Digital Wallet,Shipped
ORD-01162,2025-12-02,CUST-1113,Timothy Woods,Islamabad,Clothing,Shoes,1,17960,10,Debit Card,Delivered
ORD-01163,2025-12-07,CUST-8017,Kenneth White,Islamabad,Books,Business Analytics Book,3,4251,5,Digital Wallet,Returned
ORD-01164,2026-05-08,CUST-3651,Susan Porter,Islamabad,Home and Kitchen,Blender,4,15752,10,Debit Card,Cancelled
ORD-01165,2025-10-08,CUST-2813,David Baker,Rawalpindi,Books,Python Programming,3,4404,0,Debit Card,Delivered
ORD-01166,2025-10-20,CUST-1517,David Montgomery,Islamabad,Clothing,Shoes,4,15188,5,Credit Card,Processing
ORD-01167,2025-09-21,CUST-9119,Barbara Miller,Islamabad,Home and Kitchen,Blender,4,13012,15,Debit Card,Returned
ORD-01168,2026-04-06,CUST-1346,Aaron Vincent DVM,Islamabad,Books,Business Analytics Book,2,2698,0,Credit Card,Delivered
ORD-01169,2026-06-17,CUST-1131,Mr. Johnathan Galloway,Sahiwal,Electronics,Smartphone,1,129690,10,Bank Transfer,Delivered
ORD-01170,2026-07-06,CUST-3498,Denise White,Quetta,Home and Kitchen,Coffee Maker,1,21055,0,Credit Card,Delivered
ORD-01171,2026-05-15,CUST-8031,Diana Walker,Rawalpindi,Home and Kitchen,Blender,3,16484,0,Bank Transfer,Cancelled
ORD-01172,2026-03-03,CUST-2973,Joseph Henderson,Islamabad,Electronics,Smartphone,2,78987,0,Bank Transfer,Delivered
ORD-01173,2026-07-22,CUST-4270,Kathryn Long,Karachi,Home and Kitchen,Cookware Set,2,21969,0,Cash on Delivery,Processing
ORD-01174,2026-04-15,CUST-7980,Joyce Martinez,Peshawar,Books,Machine Learning Book,2,4316,5,Cash on Delivery,Shipped
ORD-01175,2026-02-09,CUST-6956,Michael Smith,Faisalabad,Books,Python Programming,3,1950,5,Debit Card,Cancelled
ORD-01176,2025-10-12,CUST-1669,Brian Ward,Lahore,Books,Data Science Book,3,2389,0,Cash on Delivery,Cancelled
ORD-01177,2026-06-22,CUST-2650,Joshua Young,Sahiwal,Home and Kitchen,Cookware Set,3,23468,5,Credit Card,Delivered
ORD-01178,2026-01-22,CUST-2587,Grace White,Lahore,Books,Machine Learning Book,3,4993,0,Digital Wallet,Returned
ORD-01179,2026-01-03,CUST-9664,Michael Watson,Gujranwala,Clothing,Jacket,3,9920,20,Debit Card,Delivered
ORD-01180,2026-06-19,CUST-2742,Jerry Duncan,Islamabad,Home and Kitchen,Cookware Set,5,20584,0,Digital Wallet,Delivered
ORD-01181,2026-03-03,CUST-2226,Robin Le,Quetta,Electronics,Smartphone,2,156855,0,Digital Wallet,Delivered
ORD-01182,2026-05-31,CUST-3517,Jeffrey James,Lahore,Home and Kitchen,Coffee Maker,2,24483,20,Credit Card,Delivered
ORD-01183,2025-09-17,CUST-8347,Nancy Kennedy,Karachi,Books,Machine Learning Book,5,5345,5,Bank Transfer,Delivered
ORD-01184,2025-07-26,CUST-3735,Jonathan Cowan,Gujranwala,Books,Business Analytics Book,5,5927,0,Debit Card,Cancelled
ORD-01185,2026-06-17,CUST-4116,Kimberly Stewart,Sahiwal,Clothing,Jacket,1,13276,0,Bank Transfer,Cancelled
ORD-01186,2026-01-27,CUST-7393,Justin Bradley,Sahiwal,Electronics,Smartphone,4,173504,10,Digital Wallet,Delivered
ORD-01187,2025-12-24,CUST-4568,Christopher Lewis,Gujranwala,Clothing,Jeans,1,3810,15,Cash on Delivery,Returned
ORD-01188,2025-10-29,CUST-5399,Mark Cole,Quetta,Books,Machine Learning Book,3,4304,5,Cash on Delivery,Delivered
ORD-01189,2025-11-29,CUST-1640,Isaac Grant,Islamabad,Clothing,T-Shirt,5,2175,5,Debit Card,Delivered
ORD-01190,2026-06-02,CUST-2903,Alejandro Martinez,Lahore,Home and Kitchen,Blender,2,8440,15,Debit Card,Cancelled
ORD-01191,2026-06-24,CUST-5326,Lisa Ray,,Home and Kitchen,Table Lamp,1,7779,15,Bank Transfer,Shipped
ORD-01192,2026-04-01,CUST-6824,Carrie Deleon,Rawalpindi,Home and Kitchen,Table Lamp,1,7127,0,Debit Card,Delivered
ORD-01193,2025-12-07,CUST-2743,Jordan Hampton,Sahiwal,Home and Kitchen,Blender,5,15769,15,Debit Card,Returned
ORD-01194,2026-01-12,CUST-4341,Jane Mitchell,Gujranwala,Clothing,Shoes,2,8312,5,Bank Transfer,Delivered
ORD-01195,2026-03-25,CUST-8848,Sheena Davidson,Karachi,Books,Data Science Book,4,5019,0,Bank Transfer,Delivered
ORD-01196,2026-07-18,CUST-9036,Mark Duncan,Islamabad,Books,Data Science Book,2,3547,15,Debit Card,Delivered
ORD-01197,2026-06-17,CUST-4077,Angela Cooper,Karachi,Home and Kitchen,Cookware Set,2,20917,20,Credit Card,Delivered
ORD-01198,2025-11-21,CUST-9630,Eddie Adams,Islamabad,Books,Data Science Book,4,5297,0,Cash on Delivery,Shipped
ORD-01199,2026-03-30,CUST-1222,Stephen Norman,Lahore,Electronics,Smart Watch,4,6357,0,Credit Card,Delivered
ORD-01200,2026-07-22,CUST-1221,Kevin Sheppard,,Electronics,Headphones,2,22558,15,Cash on Delivery,Shipped
ORD-01201,2025-12-30,CUST-8279,Scott Martinez,Islamabad,Home and Kitchen,Blender,2,7281,10,Debit Card,Delivered
ORD-01202,2025-10-22,CUST-5382,Teresa Haynes,Quetta,Books,Data Science Book,2,2457,15,Cash on Delivery,Delivered
ORD-01203,2025-08-23,CUST-9381,James Davis,Sahiwal,Electronics,Laptop,5,158894,0,Credit Card,Delivered
ORD-01204,2026-07-21,CUST-3414,Kimberly Johnson,Multan,Clothing,T-Shirt,2,2949,10,Debit Card,Delivered
ORD-01205,2025-12-24,CUST-4678,Whitney Garcia,Karachi,Books,Python Programming,4,2194,0,Debit Card,Delivered
ORD-01206,2026-03-20,CUST-1710,Matthew Mcclure,Gujranwala,Electronics,Headphones,1,13812,0,Credit Card,Delivered
ORD-01207,2025-11-20,CUST-7967,Oscar Ramos,Islamabad,Books,Machine Learning Book,5,3985,20,Debit Card,Shipped
ORD-01208,2025-09-10,CUST-7047,Ryan Johnson,Faisalabad,Home and Kitchen,Table Lamp,1,4220,10,Cash on Delivery,Returned
ORD-01209,2026-04-06,CUST-7399,Thomas Lin,Peshawar,Electronics,Smartphone,2,123953,0,Bank Transfer,Returned
ORD-01210,2026-01-20,CUST-5562,Kimberly Nelson,Islamabad,Electronics,Laptop,5,176027,20,Cash on Delivery,Delivered
ORD-01211,2026-01-11,CUST-9097,Travis Ryan,Sahiwal,Clothing,Jeans,4,5388,5,Bank Transfer,Cancelled
ORD-01212,2026-03-09,CUST-7278,Lynn Fields,Sahiwal,Books,Machine Learning Book,2,7857,0,Digital Wallet,Processing
ORD-01213,2026-02-27,CUST-7911,Mark Ferguson,Quetta,Books,Data Science Book,4,2684,15,Digital Wallet,Returned
ORD-01214,2026-07-10,CUST-4330,Joshua Ballard,Lahore,Clothing,T-Shirt,2,2681,0,Debit Card,Shipped
ORD-01215,2026-01-10,CUST-6912,Jason Moore,Islamabad,Books,Data Science Book,1,2488,5,Debit Card,Processing
ORD-01216,2025-07-27,CUST-1915,Robert Charles,Islamabad,Clothing,Shoes,2,6452,0,Cash on Delivery,Cancelled
ORD-01217,2025-12-03,CUST-7089,Joseph Watts,Lahore,Clothing,Shoes,1,14405,10,Cash on Delivery,Cancelled
ORD-01218,2026-01-30,CUST-3406,Karen Smith,Multan,Electronics,Smart Watch,5,15366,0,Credit Card,Delivered
ORD-01219,2026-01-06,CUST-3988,Linda Robles,Peshawar,Clothing,T-Shirt,1,2905,0,Credit Card,Cancelled
ORD-01220,2026-02-20,CUST-1216,Jason Castro,Faisalabad,Home and Kitchen,Coffee Maker,4,18053,10,Cash on Delivery,Delivered
ORD-01221,2025-12-23,CUST-9245,Miguel Brewer,Islamabad,Electronics,Laptop,5,218452,0,Cash on Delivery,Processing
ORD-01222,2026-06-09,CUST-9222,Dennis Henderson,Faisalabad,Books,Business Analytics Book,5,3913,15,Credit Card,Processing
ORD-01223,2025-10-24,CUST-3050,Rebecca Austin,Rawalpindi,Clothing,Jacket,1,12544,10,Bank Transfer,Shipped
ORD-01224,2026-04-18,CUST-2264,Dominique Paul,Peshawar,Electronics,Smartphone,4,88154,20,Bank Transfer,Delivered
ORD-01225,2026-06-02,CUST-7950,Cole Jones,Rawalpindi,Books,Business Analytics Book,2,2247,5,Debit Card,Delivered
ORD-01226,2025-09-14,CUST-1459,Mark Williamson,Rawalpindi,Electronics,Laptop,3,199061,5,Debit Card,Delivered
ORD-01227,2025-11-05,CUST-6064,Katherine Flores,Rawalpindi,Electronics,Laptop,2,198264,0,Digital Wallet,Delivered
ORD-01228,2025-09-20,CUST-1735,Joseph Lopez,Gujranwala,Electronics,Smartphone,3,62292,15,Bank Transfer,Delivered
ORD-01229,2025-08-31,CUST-6843,Calvin Gonzales,Faisalabad,Electronics,Headphones,1,12112,0,Bank Transfer,Shipped
ORD-01230,2025-07-26,CUST-2595,Chris Snyder,Multan,Clothing,Jacket,4,9830,0,Bank Transfer,Cancelled
ORD-01231,2025-12-02,CUST-1612,Richard Jimenez,Faisalabad,Electronics,Smartphone,1,140168,10,Credit Card,Delivered
ORD-01232,2025-12-14,CUST-4533,Rick Rivera,Islamabad,Books,Python Programming,1,4442,0,Credit Card,Shipped
ORD-01233,2026-06-15,CUST-6903,Brianna Adams,Gujranwala,Home and Kitchen,Coffee Maker,2,18109,5,Bank Transfer,Delivered
ORD-01234,2025-12-22,CUST-9151,John Lee,Karachi,Books,Data Science Book,2,2614,0,Cash on Delivery,Delivered
ORD-01235,2026-06-14,CUST-6139,James Smith,,Home and Kitchen,Blender,4,6541,10,Debit Card,Delivered
ORD-01236,2026-05-17,CUST-2461,Janice Proctor,Karachi,Electronics,Headphones,5,13905,5,Credit Card,Cancelled
ORD-01237,2025-10-26,CUST-3301,Amanda Murray,Karachi,Books,Machine Learning Book,4,4597,10,Digital Wallet,Processing
ORD-01238,2026-05-18,CUST-3113,Maxwell Clark,Peshawar,Electronics,Headphones,3,15137,10,Debit Card,Shipped
ORD-01239,2025-12-21,CUST-9289,Emily Morris,Peshawar,Home and Kitchen,Table Lamp,1,7588,10,Debit Card,Cancelled
ORD-01240,2026-03-24,CUST-1130,Natasha Dunn,Islamabad,Electronics,Laptop,2,211717,15,Cash on Delivery,Delivered
ORD-01241,2025-09-08,CUST-4654,Mark Gonzalez,Sahiwal,Books,Data Science Book,5,5270,0,Bank Transfer,Cancelled
ORD-01242,2026-07-02,CUST-9767,Melvin Mcpherson,Peshawar,Electronics,Headphones,4,17351,20,Cash on Delivery,Delivered
ORD-01243,2025-10-22,CUST-7578,Erika Jackson,Multan,Clothing,T-Shirt,4,2974,0,Cash on Delivery,Delivered
ORD-01244,2025-11-07,CUST-5560,Jennifer Sanchez,Peshawar,Home and Kitchen,Coffee Maker,2,22604,0,Cash on Delivery,Shipped
ORD-01245,2025-08-08,CUST-6245,Melissa Barker,Gujranwala,Clothing,Shoes,2,13489,0,Cash on Delivery,Shipped
ORD-01246,2025-09-21,CUST-8756,Brandon Moore,Rawalpindi,Books,Python Programming,3,4734,10,Cash on Delivery,Delivered
ORD-01247,2025-08-27,CUST-3885,Gina Booker,Karachi,Electronics,Smart Watch,3,21519,20,Credit Card,Delivered
ORD-01248,2026-05-13,CUST-8396,Amy Newman,Sahiwal,Home and Kitchen,Coffee Maker,1,16775,20,Digital Wallet,Delivered
ORD-01249,2026-04-21,CUST-6603,Ashley Freeman,Faisalabad,Home and Kitchen,Cookware Set,1,11029,10,Credit Card,Delivered
ORD-01250,2025-11-23,CUST-3632,Dr. Nicole Trujillo,,Home and Kitchen,Coffee Maker,4,22581,15,Debit Card,Cancelled
ORD-01251,2026-01-09,CUST-4253,Alison Gray,Karachi,Books,Python Programming,5,4707,15,Digital Wallet,Shipped
ORD-01252,2026-04-30,CUST-8514,Steven Washington,Islamabad,Clothing,Jacket,3,4232,0,Bank Transfer,Returned
ORD-01253,2026-01-08,CUST-1060,Kimberly Henry,Peshawar,Home and Kitchen,Blender,4,9305,15,Credit Card,Cancelled
ORD-01254,2026-02-28,CUST-4074,Gregory Oconnor,Sahiwal,Books,Python Programming,1,2395,20,Digital Wallet,Returned
ORD-01255,2025-11-06,CUST-4131,Linda Valencia,Gujranwala,Clothing,Shoes,2,8703,0,Cash on Delivery,Delivered
ORD-01256,2025-09-23,CUST-3043,Christopher Phillips,Peshawar,Home and Kitchen,Blender,3,10029,15,Bank Transfer,Processing
ORD-01257,2025-11-02,CUST-9571,Jordan Parsons,Multan,Books,Machine Learning Book,3,6943,10,Cash on Delivery,Delivered
ORD-01258,2026-02-04,CUST-3664,Cody Smith,Quetta,Books,Business Analytics Book,3,3249,15,Bank Transfer,Processing
ORD-01259,2026-06-20,CUST-2700,Manuel Flores,Karachi,Home and Kitchen,Coffee Maker,3,10251,0,Cash on Delivery,Shipped
ORD-01260,2025-08-16,CUST-9924,Kimberly Hughes,Karachi,Books,Python Programming,4,4571,15,Bank Transfer,Shipped
ORD-01261,2026-02-11,CUST-8448,Pamela Moore,Quetta,Electronics,Headphones,4,8942,0,Bank Transfer,Delivered
ORD-01262,2025-11-09,CUST-7765,Martin Rodriguez,Sahiwal,Clothing,Shoes,1,8744,10,Cash on Delivery,Delivered
ORD-01263,2026-02-11,CUST-6036,Amanda Pace,Sahiwal,Clothing,Jacket,3,14791,5,Credit Card,Delivered
ORD-01264,2025-09-30,CUST-7134,Christina Washington,Quetta,Books,Python Programming,1,1607,0,Digital Wallet,Delivered
ORD-01265,2025-08-30,CUST-7412,Martin Price,Rawalpindi,Home and Kitchen,Cookware Set,5,22090,0,Digital Wallet,Cancelled
ORD-01266,2026-01-29,CUST-7396,Meredith Scott,Islamabad,Books,Python Programming,5,3257,0,Bank Transfer,Delivered
ORD-01267,2025-12-12,CUST-3069,Mitchell Smith,Quetta,Clothing,Shoes,2,4631,20,Cash on Delivery,Cancelled
ORD-01268,2026-07-15,CUST-4338,John Preston,Karachi,Books,Machine Learning Book,5,3802,5,Cash on Delivery,Delivered
ORD-01269,2025-08-23,CUST-9907,Mark Ward,,Books,Python Programming,5,2126,0,Digital Wallet,Processing
ORD-01270,2026-05-07,CUST-4927,Jennifer Wood,Rawalpindi,Electronics,Smartphone,4,133879,0,Debit Card,Delivered
ORD-01271,2026-04-24,CUST-5505,Luis Rice,Karachi,Clothing,Shoes,3,13801,0,Credit Card,Cancelled
ORD-01272,2026-05-04,CUST-3010,Eric Blackburn,Karachi,Electronics,Laptop,1,180178,15,Credit Card,Delivered
ORD-01273,2026-02-09,CUST-6921,Neil Schmidt,,Home and Kitchen,Cookware Set,1,10535,10,Bank Transfer,Delivered
ORD-01274,2025-10-04,CUST-2250,Matthew Hudson,Rawalpindi,Books,Python Programming,4,1801,10,Bank Transfer,Processing
ORD-01275,2025-09-30,CUST-1166,Kristin Reese,Islamabad,Home and Kitchen,Coffee Maker,2,12891,5,Digital Wallet,Cancelled
ORD-01276,2026-05-16,CUST-9953,Heather Ellis,Lahore,Electronics,Laptop,3,165453,10,Credit Card,Shipped
ORD-01277,2026-04-07,CUST-9781,Brian Sparks,Lahore,Home and Kitchen,Blender,2,14930,0,Digital Wallet,Shipped
ORD-01278,2026-02-21,CUST-1483,George Moore,Multan,Clothing,Jeans,3,3440,0,Credit Card,Delivered
ORD-01279,2026-03-12,CUST-4264,Harold Edwards,Karachi,Electronics,Smartphone,3,111740,10,Debit Card,Cancelled
ORD-01280,2025-11-26,CUST-7552,Jennifer Schultz,Rawalpindi,Home and Kitchen,Coffee Maker,4,21288,15,Debit Card,Delivered
ORD-01281,2026-06-08,CUST-6105,Lisa Hart,Islamabad,Clothing,Jacket,4,5685,15,Credit Card,Cancelled
ORD-01282,2025-10-14,CUST-5451,Joshua Garner,,Books,Business Analytics Book,4,5271,15,Digital Wallet,Delivered
ORD-01283,2025-12-09,CUST-2052,Jillian Sanders,Peshawar,Books,Business Analytics Book,2,4691,5,Credit Card,Delivered
ORD-01284,2026-05-01,CUST-7525,Duane Smith,Lahore,Home and Kitchen,Coffee Maker,3,24383,5,Cash on Delivery,Delivered
ORD-01285,2025-09-13,CUST-2190,Elizabeth Evans MD,Rawalpindi,Home and Kitchen,Coffee Maker,2,18722,0,Debit Card,Delivered
ORD-01286,2026-06-20,CUST-1178,Raymond Harding,Multan,Clothing,Jacket,1,4157,5,Credit Card,Processing
ORD-01287,2026-06-07,CUST-5646,Juan Hawkins,Gujranwala,Home and Kitchen,Cookware Set,5,10170,10,Credit Card,Shipped
ORD-01288,2026-07-17,CUST-2225,Anna Stevens,Gujranwala,Clothing,T-Shirt,5,2338,20,Bank Transfer,Cancelled
ORD-01289,2025-09-21,CUST-1813,Jacob Perkins,Peshawar,Books,Machine Learning Book,3,4123,0,Bank Transfer,Delivered
ORD-01290,2025-10-21,CUST-3803,Eric Duncan,Gujranwala,Home and Kitchen,Coffee Maker,1,11066,10,Debit Card,Shipped
ORD-01291,2026-03-01,CUST-1292,Morgan Cummings,Gujranwala,Books,Data Science Book,5,2174,5,Cash on Delivery,Processing
ORD-01292,2026-05-26,CUST-9642,Mr. Steven Warner,Lahore,Home and Kitchen,Cookware Set,4,9212,15,Debit Card,Cancelled
ORD-01293,2026-06-06,CUST-5931,Linda Evans,Faisalabad,Electronics,Laptop,4,132467,10,Debit Card,Returned
ORD-01294,2026-05-02,CUST-1771,Jane Deleon,Sahiwal,Home and Kitchen,Coffee Maker,1,17262,10,Debit Card,Cancelled
ORD-01295,2026-07-16,CUST-2683,Hannah Montoya,Lahore,Books,Business Analytics Book,1,4863,15,Credit Card,Delivered
ORD-01296,2025-12-31,CUST-8138,Barbara Townsend,Rawalpindi,Electronics,Smartphone,1,124635,20,Credit Card,Delivered
ORD-01297,2026-05-09,CUST-1860,Lindsey Smith,Faisalabad,Clothing,Jacket,5,4080,20,Cash on Delivery,Delivered
ORD-01298,2026-05-20,CUST-7218,Amy Warren,Faisalabad,Electronics,Headphones,1,10641,5,Credit Card,Delivered
ORD-01299,2025-11-24,CUST-7771,Brittany Shaw,Peshawar,Books,Python Programming,2,2807,0,Cash on Delivery,Shipped
ORD-01300,2025-10-16,CUST-8908,Michael Osborn,Rawalpindi,Clothing,Shoes,4,7596,5,Cash on Delivery,Delivered
ORD-01301,2026-01-12,CUST-4373,Laura Davis,Karachi,Home and Kitchen,Blender,3,14150,0,Cash on Delivery,Processing
ORD-01302,2026-01-06,CUST-7308,James Anderson,Rawalpindi,Electronics,Smartphone,1,96658,10,Bank Transfer,Delivered
ORD-01303,2025-08-24,CUST-6134,Patrick Kelley,Faisalabad,Home and Kitchen,Cookware Set,5,25289,15,Bank Transfer,Cancelled
ORD-01304,2025-11-01,CUST-7317,Jonathan Ayala,Peshawar,Clothing,T-Shirt,2,2096,5,Digital Wallet,Shipped
ORD-01305,2025-09-11,CUST-7931,Karen Gonzalez,Islamabad,Clothing,Shoes,2,4124,5,Debit Card,Returned
ORD-01306,2025-12-23,CUST-2805,Christina Gilbert,Rawalpindi,Electronics,Smartphone,4,68094,20,Cash on Delivery,Processing
ORD-01307,2026-05-04,CUST-9698,Dana Adams,Peshawar,Clothing,Jacket,1,11802,20,Debit Card,Delivered
ORD-01308,2026-01-06,CUST-3467,Thomas Davis,Sahiwal,Electronics,Laptop,3,176554,0,Digital Wallet,Processing
ORD-01309,2026-04-09,CUST-2602,Jacob Lee,Lahore,Home and Kitchen,Blender,4,9466,5,Bank Transfer,Cancelled
ORD-01310,2025-12-03,CUST-3894,Allison Torres,Gujranwala,Books,Data Science Book,3,3551,10,Debit Card,Shipped
ORD-01311,2025-12-05,CUST-5078,Wanda Ramos,Karachi,Books,Business Analytics Book,1,2208,20,Credit Card,Delivered
ORD-01312,2025-09-17,CUST-2078,Thomas Hall,Quetta,Electronics,Laptop,5,154888,0,Cash on Delivery,Delivered
ORD-01313,2026-04-15,CUST-4602,Peter Farrell,Faisalabad,Clothing,Shoes,4,9437,0,Bank Transfer,Delivered
ORD-01314,2025-09-04,CUST-5718,Dana Oliver,Lahore,Clothing,Jeans,3,4859,20,Cash on Delivery,Delivered
ORD-01315,2025-09-18,CUST-2137,Samantha Smith,Islamabad,Books,Machine Learning Book,2,3894,5,Credit Card,Delivered
ORD-01316,2026-04-18,CUST-6473,Elizabeth Ruiz,Lahore,Books,Data Science Book,1,5887,10,Credit Card,Delivered
ORD-01317,2025-11-28,CUST-1016,Joshua Harris,Peshawar,Electronics,Smartphone,1,132312,10,Credit Card,Processing
ORD-01318,2026-02-11,CUST-5762,Kimberly Dean,Rawalpindi,Electronics,Laptop,1,194352,20,Digital Wallet,Shipped
ORD-01319,2025-09-15,CUST-6499,Mary Bennett,Peshawar,Clothing,Jeans,1,3319,5,Bank Transfer,Cancelled
ORD-01320,2026-07-09,CUST-8516,Amanda Jackson,Lahore,Home and Kitchen,Table Lamp,4,4076,5,Debit Card,Delivered
ORD-01321,2025-11-10,CUST-9508,Michael Nelson,Lahore,Home and Kitchen,Coffee Maker,1,15845,20,Credit Card,Processing
ORD-01322,2026-01-19,CUST-5003,Alejandra Price,Gujranwala,Clothing,Jeans,3,6578,0,Bank Transfer,Delivered
ORD-01323,2025-11-05,CUST-2768,Susan Ward,Faisalabad,Clothing,T-Shirt,2,2747,20,Digital Wallet,Processing
ORD-01324,2025-09-02,CUST-7836,Sean Banks,Faisalabad,Clothing,Jacket,3,9426,10,Debit Card,Delivered
ORD-01325,2025-10-20,CUST-8455,Katie Mckinney,Gujranwala,Electronics,Headphones,5,6029,10,Debit Card,Delivered
ORD-01326,2026-07-09,CUST-3410,Sean Schmidt,Peshawar,Electronics,Laptop,4,241534,20,Credit Card,Shipped
ORD-01327,2025-10-03,CUST-2058,Walter Castro,Faisalabad,Home and Kitchen,Cookware Set,3,23952,5,Cash on Delivery,Processing
ORD-01328,2026-04-25,CUST-9001,David Moreno,Faisalabad,Electronics,Smartphone,3,72357,0,Cash on Delivery,Processing
ORD-01329,2025-11-29,CUST-6737,Patrick Smith DDS,Faisalabad,Home and Kitchen,Blender,1,9119,0,Digital Wallet,Cancelled
ORD-01330,2025-12-08,CUST-4223,Cynthia Good,Sahiwal,Clothing,T-Shirt,3,1784,20,Digital Wallet,Delivered
ORD-01331,2026-02-02,CUST-5075,Antonio Scott,Sahiwal,Home and Kitchen,Cookware Set,1,23505,5,Bank Transfer,Processing
ORD-01332,2025-12-20,CUST-3839,Robin Johnson,Gujranwala,Electronics,Headphones,3,21563,5,Bank Transfer,Cancelled
ORD-01333,2026-02-23,CUST-7820,Courtney Peterson,Quetta,Home and Kitchen,Cookware Set,2,16192,0,Credit Card,Delivered
ORD-01334,2025-12-22,CUST-8555,Anita Reyes,Quetta,Home and Kitchen,Blender,3,14284,20,Credit Card,Processing
ORD-01335,2026-04-12,CUST-6132,Lori Perez,Quetta,Books,Python Programming,2,3656,10,Debit Card,Processing
ORD-01336,2025-10-24,CUST-8557,Jessica Edwards,Lahore,Home and Kitchen,Coffee Maker,4,20779,10,Digital Wallet,Delivered
ORD-01337,2026-03-15,CUST-4975,Joshua Clark,Gujranwala,Books,Python Programming,2,4019,5,Digital Wallet,Delivered
ORD-01338,2025-09-14,CUST-7601,Melinda Harris,Lahore,Clothing,Jacket,1,10433,0,Bank Transfer,Returned
ORD-01339,2025-09-14,CUST-2753,Michael Mills,Multan,Books,Python Programming,1,1724,5,Digital Wallet,Delivered
ORD-01340,2025-09-13,CUST-9369,Terry Carrillo,Lahore,Home and Kitchen,Coffee Maker,3,8994,0,Credit Card,Shipped
ORD-01341,2026-04-03,CUST-3535,Sylvia Stewart,Faisalabad,Clothing,Shoes,2,6662,20,Debit Card,Cancelled
ORD-01342,2026-02-24,CUST-2100,Michelle White,Lahore,Electronics,Smart Watch,5,18153,0,Credit Card,Shipped
ORD-01343,2026-06-14,CUST-8761,Monica Cannon,Lahore,Electronics,Laptop,2,146777,0,Digital Wallet,Processing
ORD-01344,2026-06-29,CUST-8925,Tonya Turner,Islamabad,Books,Python Programming,1,2728,10,Credit Card,Returned
ORD-01345,2026-05-08,CUST-3396,Stephanie Mahoney,Lahore,Home and Kitchen,Coffee Maker,5,11036,10,Credit Card,Delivered
ORD-01346,2025-11-06,CUST-8801,Cole Anderson,Peshawar,Clothing,Jeans,5,6978,0,Debit Card,Delivered
ORD-01347,2025-08-02,CUST-7321,Lisa Adams,Karachi,Electronics,Smart Watch,3,23034,10,Bank Transfer,Processing
ORD-01348,2026-02-28,CUST-2968,Linda Hall,Gujranwala,Books,Data Science Book,1,4321,10,Bank Transfer,Delivered
ORD-01349,2025-08-02,CUST-6811,Michael Woods,Islamabad,Home and Kitchen,Blender,5,12282,0,Bank Transfer,Cancelled
ORD-01350,2026-02-03,CUST-9202,Julie Banks,Quetta,Books,Machine Learning Book,1,3796,5,Credit Card,Delivered
ORD-01351,2025-10-02,CUST-6764,Katherine Taylor,Gujranwala,Books,Python Programming,2,4186,0,Debit Card,Processing
ORD-01352,2025-10-06,CUST-8925,Jason Novak,Sahiwal,Clothing,Jacket,3,10454,0,Bank Transfer,Shipped
ORD-01353,2026-07-17,CUST-6703,Jason Newton,Gujranwala,Clothing,Jacket,2,9309,15,Digital Wallet,Returned
ORD-01354,2025-10-09,CUST-3607,Andrea Ho,Rawalpindi,Books,Python Programming,1,1620,20,Cash on Delivery,Cancelled
ORD-01355,2026-01-09,CUST-4876,Katherine Nguyen,Karachi,Electronics,Smart Watch,4,26211,0,Credit Card,Cancelled
ORD-01356,2026-01-16,CUST-5103,Jessica Parsons,Karachi,Books,Business Analytics Book,1,2307,15,Cash on Delivery,Returned
ORD-01357,2026-03-16,CUST-1482,Jamie Edwards,Islamabad,Electronics,Smart Watch,3,44749,20,Debit Card,Delivered
ORD-01358,2026-03-17,CUST-5136,Laura Herrera,Peshawar,Books,Business Analytics Book,2,3436,0,Bank Transfer,Cancelled
ORD-01359,2026-03-29,CUST-9659,Rachel Meyer,Rawalpindi,Home and Kitchen,Cookware Set,2,13311,10,Cash on Delivery,Shipped
ORD-01360,2026-01-14,CUST-1085,Shawn Rich,Multan,Electronics,Laptop,2,124356,0,Bank Transfer,Shipped
ORD-01361,2025-10-26,CUST-9653,Jennifer Moss,Peshawar,Electronics,Headphones,2,24359,20,Credit Card,Returned
ORD-01362,2026-02-24,CUST-3258,Phillip Estes,Karachi,Clothing,Shoes,5,8768,5,Bank Transfer,Processing
ORD-01363,2025-10-04,CUST-9474,James Torres,Faisalabad,Books,Python Programming,5,1820,0,Cash on Delivery,Delivered
ORD-01364,2026-06-09,CUST-1369,Christopher Phillips,Rawalpindi,Books,Data Science Book,1,6428,5,Debit Card,Returned
ORD-01365,2026-07-14,CUST-5719,Jose Thomas,Karachi,Home and Kitchen,Coffee Maker,3,9226,0,Digital Wallet,Shipped
ORD-01366,2026-06-10,CUST-9944,Ann Mason,Karachi,Clothing,Jacket,4,14135,0,Digital Wallet,Processing
ORD-01367,2025-09-30,CUST-5274,Teresa Horton,Rawalpindi,Home and Kitchen,Blender,1,10538,10,Debit Card,Returned
ORD-01368,2025-09-13,CUST-2021,Frank Johnson,Rawalpindi,Electronics,Smartphone,2,126405,20,Bank Transfer,Delivered
ORD-01369,2026-01-15,CUST-2320,Michelle Harris,,Electronics,Headphones,1,15639,15,Bank Transfer,Delivered
ORD-01370,2026-01-15,CUST-9316,Fred Wong,Rawalpindi,Home and Kitchen,Blender,1,5583,10,Debit Card,Processing
ORD-01371,2026-04-25,CUST-1431,Michelle Martinez,Rawalpindi,Books,Machine Learning Book,2,2675,0,Digital Wallet,Shipped
ORD-01372,2025-09-05,CUST-7342,Madison Miller,Sahiwal,Books,Python Programming,5,3474,0,Credit Card,Processing
ORD-01373,2026-04-23,CUST-7024,Richard Hunt,Multan,Books,Data Science Book,1,5587,0,Credit Card,Delivered
ORD-01374,2025-09-23,CUST-1164,James Tate,Rawalpindi,Books,Python Programming,2,2450,0,Bank Transfer,Cancelled
ORD-01375,2026-07-12,CUST-2255,Seth Huffman,Lahore,Electronics,Laptop,2,226511,0,Credit Card,Processing
ORD-01376,2025-09-23,CUST-5001,Cassidy Joseph,Faisalabad,Clothing,Jacket,1,9146,5,Credit Card,Shipped
ORD-01377,2026-01-01,CUST-5099,Nicholas Woodward,Quetta,Books,Business Analytics Book,1,2429,0,Credit Card,Processing
ORD-01378,2025-11-12,CUST-5795,Autumn Anderson,Rawalpindi,Home and Kitchen,Cookware Set,4,17919,5,Digital Wallet,Delivered
ORD-01379,2025-10-09,CUST-8966,Preston Smith,Faisalabad,Home and Kitchen,Blender,1,10679,10,Cash on Delivery,Delivered
ORD-01380,2026-02-01,CUST-7101,Kimberly Smith,Islamabad,Clothing,Jeans,3,4226,0,Cash on Delivery,Delivered
ORD-01381,2026-06-30,CUST-1553,Daniel Keller MD,Faisalabad,Books,Business Analytics Book,1,1974,10,Debit Card,Shipped
ORD-01382,2026-01-10,CUST-7290,Kyle Sanchez,Peshawar,Books,Machine Learning Book,1,2989,5,Cash on Delivery,Returned
ORD-01383,2026-02-20,CUST-4370,Mark Wilkins,,Books,Business Analytics Book,4,2163,0,Credit Card,Cancelled
ORD-01384,2025-10-11,CUST-6698,Charles Delgado,Lahore,Books,Python Programming,3,1628,15,Digital Wallet,Returned
ORD-01385,2025-08-06,CUST-6586,Andrew Lane,Gujranwala,Home and Kitchen,Table Lamp,5,3773,0,Bank Transfer,Returned
ORD-01386,2026-03-14,CUST-5709,Thomas Williams,Quetta,Books,Python Programming,1,3766,10,Bank Transfer,Processing
ORD-01387,2025-12-31,CUST-4903,Candace Mitchell DDS,Islamabad,Home and Kitchen,Cookware Set,4,23313,20,Cash on Delivery,Delivered
ORD-01388,2026-04-20,CUST-5846,Rachel Thompson,Multan,Home and Kitchen,Blender,2,17637,15,Digital Wallet,Processing
ORD-01389,2026-01-15,CUST-5104,Heather Johnson,Gujranwala,Electronics,Headphones,3,10806,20,Cash on Delivery,Delivered
ORD-01390,2026-05-17,CUST-8271,Jacob Gray,Peshawar,Home and Kitchen,Table Lamp,3,8943,0,Cash on Delivery,Processing
ORD-01391,2025-08-18,CUST-4569,Sarah Brown,Sahiwal,Electronics,Smart Watch,1,28509,10,Cash on Delivery,Shipped
ORD-01392,2026-01-21,CUST-2049,Michael Hill,Peshawar,Electronics,Headphones,5,20069,5,Credit Card,Delivered
ORD-01393,2026-02-12,CUST-3858,Daniel Clark,Islamabad,Home and Kitchen,Table Lamp,4,3042,0,Digital Wallet,Cancelled
ORD-01394,2025-08-14,CUST-9302,Nicholas Fuller,Peshawar,Electronics,Smartphone,1,50093,0,Digital Wallet,Delivered
ORD-01395,2025-08-26,CUST-1264,Mr. Timothy Andersen,Multan,Electronics,Smartphone,1,107909,5,Digital Wallet,Cancelled
ORD-01396,2025-11-11,CUST-9305,Ryan Green,Peshawar,Electronics,Smartphone,3,68616,0,Cash on Delivery,Shipped
ORD-01397,2026-03-03,CUST-7084,Heather Anderson DDS,Sahiwal,Electronics,Smartphone,2,125403,15,Cash on Delivery,Cancelled
ORD-01398,2026-02-09,CUST-6902,Kathleen Morton,Multan,Books,Machine Learning Book,2,2702,5,Bank Transfer,Cancelled
ORD-01399,2026-07-01,CUST-7034,Michelle Krause,Lahore,Home and Kitchen,Coffee Maker,3,8020,0,Debit Card,Delivered
ORD-01400,2025-07-23,CUST-9368,John Robles,Quetta,Electronics,Laptop,5,147719,5,Digital Wallet,Cancelled
ORD-01401,2026-05-05,CUST-3458,Rebecca Duarte,Sahiwal,Home and Kitchen,Cookware Set,4,27093,0,Cash on Delivery,Delivered
ORD-01402,2025-12-30,CUST-9646,Gregory Shaffer,Lahore,Clothing,Shoes,5,15010,0,Digital Wallet,Processing
ORD-01403,2025-10-13,CUST-5801,Curtis Campbell,Rawalpindi,Books,Machine Learning Book,3,4097,15,Debit Card,Delivered
ORD-01404,2026-05-25,CUST-2890,Eric Pierce,Rawalpindi,Home and Kitchen,Cookware Set,4,18315,20,Bank Transfer,Cancelled
ORD-01405,2026-05-16,CUST-9284,Michael Peterson,Karachi,Books,Machine Learning Book,1,5383,15,Debit Card,Cancelled
ORD-01406,2026-04-30,CUST-3052,Toni Collier,Quetta,Books,Data Science Book,4,5431,0,Credit Card,Returned
ORD-01407,2025-10-06,CUST-6596,George Chambers,Multan,Books,Data Science Book,5,4132,5,Cash on Delivery,Delivered
ORD-01408,2026-07-13,CUST-9096,Andrew Taylor,Rawalpindi,Books,Business Analytics Book,5,3015,15,Credit Card,Processing
ORD-01409,2025-09-21,CUST-8698,Stephanie Herrera,Karachi,Electronics,Smartphone,1,149740,5,Credit Card,Returned
ORD-01410,2025-11-30,CUST-3168,Robert Reilly,Quetta,Electronics,Smart Watch,1,15940,0,Digital Wallet,Processing
ORD-01411,2025-08-13,CUST-4955,Elizabeth Hardy,Faisalabad,Books,Machine Learning Book,2,5795,20,Cash on Delivery,Delivered
ORD-01412,2025-11-22,CUST-6815,Alicia Ray,Peshawar,Home and Kitchen,Blender,1,6208,20,Bank Transfer,Cancelled
ORD-01413,2025-11-28,CUST-3205,Stacy Gomez,Islamabad,Books,Business Analytics Book,3,5708,20,Digital Wallet,Returned
ORD-01414,2025-09-18,CUST-8430,Andre Terrell,Sahiwal,Electronics,Smartphone,1,136960,20,Debit Card,Processing
ORD-01415,2026-03-23,CUST-9082,Carol Obrien,Multan,Clothing,Jacket,1,7805,5,Cash on Delivery,Shipped
ORD-01416,2025-10-03,CUST-3923,Sharon Walton,Islamabad,Books,Machine Learning Book,3,5646,5,Cash on Delivery,Returned
ORD-01417,2026-04-22,CUST-6150,Michelle Nelson,Karachi,Clothing,Shoes,5,7558,15,Debit Card,Delivered
ORD-01418,2025-08-25,CUST-8191,David Hayes DVM,Rawalpindi,Clothing,T-Shirt,3,2321,10,Credit Card,Delivered
ORD-01419,2025-10-14,CUST-3310,Carrie Brooks,Karachi,Home and Kitchen,Blender,2,15918,5,Credit Card,Shipped
ORD-01420,2025-08-06,CUST-9813,Susan Wallace,,Clothing,T-Shirt,5,1362,15,Cash on Delivery,Processing
ORD-01421,2025-08-01,CUST-7987,Susan Moore,Peshawar,Electronics,Headphones,2,11235,15,Digital Wallet,Delivered
ORD-01422,2025-12-02,CUST-8082,Morgan Mills,Peshawar,Books,Machine Learning Book,1,3482,10,Debit Card,Delivered
ORD-01423,2026-05-20,CUST-4644,Randy Garcia,Karachi,Clothing,Jacket,1,9795,0,Debit Card,Delivered
ORD-01424,2026-07-22,CUST-9402,Wendy Harris,Karachi,Home and Kitchen,Table Lamp,4,7166,20,Debit Card,Delivered
ORD-01425,2025-08-06,CUST-1583,Miguel Boyd,Lahore,Books,Python Programming,5,2800,0,Credit Card,Delivered
ORD-01426,2025-07-24,CUST-3481,Andrew Charles,Peshawar,Books,Data Science Book,2,4173,10,Credit Card,Cancelled
ORD-01427,2026-06-26,CUST-2453,John Williams,Quetta,Books,Machine Learning Book,2,4126,20,Credit Card,Delivered
ORD-01428,2026-02-10,CUST-4416,Nichole Johnson,Islamabad,Books,Python Programming,4,3784,15,Cash on Delivery,Processing
ORD-01429,2026-05-13,CUST-6713,Steven Flores,Peshawar,Home and Kitchen,Coffee Maker,5,14691,20,Digital Wallet,Cancelled
ORD-01430,2025-10-05,CUST-8947,Joseph Mejia,Peshawar,Clothing,Jacket,2,8786,20,Bank Transfer,Shipped
ORD-01431,2026-04-09,CUST-2841,Chase Hill,Faisalabad,Home and Kitchen,Coffee Maker,3,10163,0,Bank Transfer,Processing
ORD-01432,2025-07-28,CUST-8614,Kristin Garcia,Multan,Home and Kitchen,Cookware Set,4,11795,0,Cash on Delivery,Delivered
ORD-01433,2026-02-18,CUST-7750,Fernando Thomas,,Books,Data Science Book,4,6007,15,Cash on Delivery,Delivered
ORD-01434,2026-04-22,CUST-6295,Laura Jackson,Faisalabad,Home and Kitchen,Cookware Set,4,9992,15,Debit Card,Processing
ORD-01435,2025-11-20,CUST-1895,Gina Wallace,Faisalabad,Books,Business Analytics Book,4,5065,5,Bank Transfer,Cancelled
ORD-01436,2025-09-11,CUST-7714,Steven Williams,Rawalpindi,Clothing,Jacket,1,9054,10,Digital Wallet,Delivered
ORD-01437,2025-12-18,CUST-9843,Jeffery White,Lahore,Clothing,T-Shirt,5,2550,0,Cash on Delivery,Returned
ORD-01438,2026-03-11,CUST-2039,Lori Vaughn,Lahore,Books,Python Programming,3,2944,15,Digital Wallet,Delivered
ORD-01439,2026-01-12,CUST-4757,Emily Roth,Faisalabad,Home and Kitchen,Cookware Set,2,25553,10,Credit Card,Delivered
ORD-01440,2026-04-25,CUST-1591,Rhonda Miller,Lahore,Home and Kitchen,Coffee Maker,2,15149,0,Digital Wallet,Delivered
ORD-01441,2026-07-16,CUST-5939,Julie Anderson,Lahore,Books,Business Analytics Book,1,3085,5,Credit Card,Cancelled
ORD-01442,2026-06-03,CUST-7565,Melissa Davis,Islamabad,Clothing,T-Shirt,3,1706,10,Debit Card,Returned
ORD-01443,2025-11-20,CUST-7805,Michelle Marshall,Lahore,Electronics,Laptop,1,186127,20,Cash on Delivery,Cancelled
ORD-01444,2025-10-20,CUST-6114,Briana Huang,Multan,Clothing,T-Shirt,5,2802,0,Bank Transfer,Shipped
ORD-01445,2025-10-31,CUST-2633,Jenna Lyons,Faisalabad,Electronics,Headphones,3,17037,0,Digital Wallet,Processing
ORD-01446,2026-04-07,CUST-7657,Scott Nguyen,Quetta,Books,Machine Learning Book,4,3262,0,Debit Card,Processing
ORD-01447,2026-01-28,CUST-7449,John Bell,Multan,Home and Kitchen,Cookware Set,4,8564,10,Digital Wallet,Cancelled
ORD-01448,2026-01-18,CUST-7510,Diane Bailey,Rawalpindi,Electronics,Smart Watch,2,42871,0,Bank Transfer,Delivered
ORD-01449,2026-03-03,CUST-2370,Brian Roth,Karachi,Books,Python Programming,3,2861,0,Digital Wallet,Delivered
ORD-01450,2026-05-28,CUST-3315,Justin Jones,Sahiwal,Clothing,Shoes,5,7095,0,Digital Wallet,Returned
ORD-01451,2025-11-17,CUST-7747,Jennifer Gutierrez,Faisalabad,Books,Data Science Book,1,6042,5,Debit Card,Returned
ORD-01452,2026-03-21,CUST-5393,Christopher Olson,Rawalpindi,Clothing,T-Shirt,3,2865,0,Digital Wallet,Returned
ORD-01453,2025-08-17,CUST-8559,Robert Garza,,Books,Business Analytics Book,3,3731,5,Digital Wallet,Shipped
ORD-01454,2026-05-23,CUST-7155,Ms. Gloria Benson,Islamabad,Electronics,Laptop,4,211652,0,Cash on Delivery,Delivered
ORD-01455,2025-09-28,CUST-1639,Angela Galvan,Sahiwal,Electronics,Smartphone,2,154714,0,Bank Transfer,Delivered
ORD-01456,2026-03-02,CUST-1151,Ashley Carlson,Faisalabad,Books,Data Science Book,5,5425,10,Cash on Delivery,Processing
ORD-01457,2025-11-26,CUST-7088,Samantha Thompson,Gujranwala,Home and Kitchen,Table Lamp,5,4640,15,Credit Card,Delivered
ORD-01458,2025-12-27,CUST-5116,Brian Cervantes,Peshawar,Home and Kitchen,Cookware Set,5,20165,15,Bank Transfer,Delivered
ORD-01459,2026-05-18,CUST-8763,Erin Newman,Lahore,Home and Kitchen,Cookware Set,2,25182,20,Debit Card,Processing
ORD-01460,2025-08-15,CUST-6109,Robert Clay,Rawalpindi,Clothing,Jeans,4,3049,0,Credit Card,Cancelled
ORD-01461,2026-07-08,CUST-8679,Rhonda Sherman,Gujranwala,Electronics,Smart Watch,3,11207,0,Credit Card,Delivered
ORD-01462,2026-04-05,CUST-4156,Joseph Price,Faisalabad,Home and Kitchen,Cookware Set,3,28605,0,Debit Card,Returned
ORD-01463,2026-03-04,CUST-5173,Daniel Rich,Quetta,Books,Machine Learning Book,3,7615,10,Digital Wallet,Cancelled
ORD-01464,2025-11-16,CUST-4546,Susan Torres,Faisalabad,Clothing,T-Shirt,5,1824,0,Credit Card,Delivered
ORD-01465,2026-07-21,CUST-5542,William Cooper,Gujranwala,Electronics,Smartphone,5,140387,5,Bank Transfer,Delivered
ORD-01466,2025-08-26,CUST-3400,Lisa Dixon,Islamabad,Clothing,T-Shirt,2,2086,0,Credit Card,Processing
ORD-01467,2026-06-17,CUST-9383,Edward Wood,Peshawar,Electronics,Headphones,1,3710,0,Bank Transfer,Cancelled
ORD-01468,2026-02-21,CUST-4944,April Castro,Quetta,Books,Machine Learning Book,3,6599,0,Bank Transfer,Processing
ORD-01469,2025-12-09,CUST-6193,Douglas Johnson,Quetta,Books,Business Analytics Book,3,4353,15,Cash on Delivery,Shipped
ORD-01470,2026-01-06,CUST-8235,Jennifer Flores,Peshawar,Clothing,Jeans,3,3670,10,Debit Card,Cancelled
ORD-01471,2025-12-18,CUST-6991,Jeffrey Clark,,Electronics,Smart Watch,3,16666,0,Debit Card,Cancelled
ORD-01472,2025-09-28,CUST-7130,Cole Cruz,Islamabad,Books,Data Science Book,5,3564,10,Cash on Delivery,Delivered
ORD-01473,2026-07-17,CUST-6085,Jason Roberts,Multan,Books,Machine Learning Book,5,4096,0,Cash on Delivery,Delivered
ORD-01474,2026-06-26,CUST-5504,Brandy Jones,Peshawar,Home and Kitchen,Blender,5,9473,0,Bank Transfer,Delivered
ORD-01475,2025-07-29,CUST-8713,Stephen Barrett,Gujranwala,Home and Kitchen,Table Lamp,1,6687,0,Bank Transfer,Processing
ORD-01476,2025-09-13,CUST-1625,Martin Perry,Multan,Clothing,Shoes,5,16228,0,Cash on Delivery,Shipped
ORD-01477,2026-01-16,CUST-2956,Melissa Conrad,Lahore,Clothing,Jeans,2,3178,10,Bank Transfer,Cancelled
ORD-01478,2026-03-22,CUST-4181,Jordan Arnold,Gujranwala,Electronics,Headphones,1,19828,5,Cash on Delivery,Delivered
ORD-01479,2026-01-13,CUST-1232,Darius Coleman,Sahiwal,Home and Kitchen,Cookware Set,5,20001,15,Bank Transfer,Returned
ORD-01480,2025-07-25,CUST-3416,Sarah Young,Faisalabad,Electronics,Laptop,2,228140,15,Cash on Delivery,Delivered
ORD-01481,2026-02-02,CUST-9281,Timothy Johnston,Sahiwal,Books,Python Programming,3,3992,0,Credit Card,Cancelled
ORD-01482,2025-08-04,CUST-2928,Laura Bush,Multan,Electronics,Headphones,3,20368,5,Bank Transfer,Shipped
ORD-01483,2025-09-04,CUST-3990,Tonya Miller,Karachi,Electronics,Smart Watch,1,12619,0,Credit Card,Delivered
ORD-01484,2026-05-02,CUST-7136,Victoria Terrell,Peshawar,Electronics,Smartphone,1,97023,20,Cash on Delivery,Cancelled
ORD-01485,2026-05-21,CUST-1873,Jose Mills,Sahiwal,Clothing,Jacket,2,6174,5,Debit Card,Delivered
ORD-01486,2026-03-16,CUST-4702,John Harmon,Rawalpindi,Home and Kitchen,Cookware Set,5,18339,10,Debit Card,Delivered
ORD-01487,2026-04-08,CUST-2514,Mark Yates,Peshawar,Clothing,Jacket,3,11202,5,Debit Card,Shipped
ORD-01488,2025-11-21,CUST-3793,Stephanie Nichols,Lahore,Home and Kitchen,Table Lamp,5,5683,20,Digital Wallet,Processing
ORD-01489,2025-07-27,CUST-5729,Jose Harrison,Rawalpindi,Clothing,Jeans,4,5341,20,Debit Card,Cancelled
ORD-01490,2026-05-03,CUST-5230,Harry Levine,Rawalpindi,Home and Kitchen,Blender,5,17671,0,Bank Transfer,Delivered
ORD-01491,2025-11-14,CUST-4054,Andrew Livingston,Peshawar,Electronics,Laptop,5,206288,20,Credit Card,Processing
ORD-01492,2026-05-10,CUST-1554,Richard Green,,Home and Kitchen,Table Lamp,5,5095,20,Cash on Delivery,Cancelled
ORD-01493,2026-03-24,CUST-6483,Christopher Williams,Multan,Home and Kitchen,Blender,2,11904,10,Cash on Delivery,Delivered
ORD-01494,2025-11-13,CUST-4050,Lori Mitchell,Lahore,Home and Kitchen,Table Lamp,2,5824,15,Bank Transfer,Returned
ORD-01495,2025-08-24,CUST-5138,Billy Bowers,Multan,Books,Business Analytics Book,4,5679,0,Digital Wallet,Delivered
ORD-01496,2025-10-28,CUST-9306,Douglas Hodge,Karachi,Books,Business Analytics Book,3,2128,0,Bank Transfer,Processing
ORD-01497,2025-07-28,CUST-9391,Lindsey Kent,Islamabad,Home and Kitchen,Coffee Maker,5,7935,0,Debit Card,Shipped
ORD-01498,2026-05-05,CUST-2481,Jeremy Morton,Faisalabad,Clothing,Jeans,2,5229,0,Credit Card,Returned
ORD-01499,2025-11-01,CUST-1013,Cynthia White,Islamabad,Home and Kitchen,Coffee Maker,4,12417,10,Credit Card,Delivered
ORD-01500,2026-02-12,CUST-4331,Grace Miller,Sahiwal,Home and Kitchen,Table Lamp,1,3512,0,Cash on Delivery,Cancelled
ORD-01117,2026-07-08,CUST-9189,Amanda Bowers,,Books,Machine Learning Book,2,4931,0,Credit Card,Shipped
ORD-01369,2026-01-15,CUST-2320,Michelle Harris,,Electronics,Headphones,1,15639,15,Bank Transfer,Delivered
ORD-00423,2026-04-12,CUST-3422,Jacob Wallace,,Books,Python Programming,4,2327,20,Debit Card,Delivered
ORD-00414,2026-02-19,CUST-1813,Brian Murphy,,Home and Kitchen,Table Lamp,3,3945,0,Digital Wallet,Shipped
ORD-00452,2026-03-29,CUST-3595,Karen Ballard,,Books,Machine Learning Book,2,3881,15,Cash on Delivery,Delivered
ORD-00862,2026-03-20,CUST-9700,Travis Cole,,Electronics,Headphones,3,4204,15,Bank Transfer,Delivered
ORD-01064,2025-12-03,CUST-2035,Taylor York,,Electronics,Headphones,2,24280,20,Cash on Delivery,Returned
ORD-00742,2025-12-21,CUST-2506,Pamela Santos,,Home and Kitchen,Table Lamp,2,2278,0,Digital Wallet,Cancelled
ORD-01273,2026-02-09,CUST-6921,Neil Schmidt,,Home and Kitchen,Cookware Set,1,10535,10,Bank Transfer,Delivered
ORD-00260,2025-12-31,CUST-9998,Carlos Ryan,,Clothing,Shoes,5,9121,10,Digital Wallet,Returned
ORD-00889,2025-09-09,CUST-4328,Dana Burns,,Books,Business Analytics Book,1,3638,20,Debit Card,Delivered
ORD-01433,2026-02-18,CUST-7750,Fernando Thomas,,Books,Data Science Book,4,6007,15,Cash on Delivery,Delivered
ORD-00713,2025-10-28,CUST-1003,Matthew Banks,,Books,Python Programming,1,2391,0,Credit Card,Processing
ORD-01383,2026-02-20,CUST-4370,Mark Wilkins,,Books,Business Analytics Book,4,2163,0,Credit Card,Cancelled
ORD-00071,2025-08-20,CUST-6733,Marc Hart,,Electronics,Smart Watch,1,40351,0,Cash on Delivery,Returned
